,OBJECTID,COMMON_NAM,DESIG_USE,ACRES,ADDRESS_LO,THOMAS_BRO,COMMUNITY_,USE_RESTRI,DEDIC_PARK,FULL_NAME,SERV_DIST,UNDEVE,PLAYGROUND,TOT_LOT,BASEB_50_6,BASEB_90,SOFTBALL,MULTIPURP,F_2_BASLET,BASKETB,TENNISCT,SAND_VBALL,FIELD_LIGH,COMFORT_ST,CONCESS_ST,USEABLE_AC,GROSS_ACRE,MAINT_ENT,RECY_WATER,PLAYAREACO,CD,DMS,X_COORD,Y_COORD,YEARACQ,SHAPE_STAR,SHAPE_STLE
0,3982,MT HOPE CEMETERY,Cemetery,109.0833716,"3700 Imperial Ave, 92113",1289H4,ENCANTO,DEDIC PK/OS-ORD,,Mount Hope Cemetery,0.0,0.0,0.0,0.0,0.0,0.0,0.0,0.0,,0.0,0.0,0.0,0.0,0.0,0.0,0.0,0.0,,N,0.0,9,32 42 28.86151N 117 06 46.87997W,-117.11291651,32.70818622,1874,4751652.66308594,13753.0243269125
1,3983,MARINA LINEAR NP,Neighborhood Park,1.93385473,"176 HARBOR DR, 92101",,DOWNTOWN,NONE,N,Marina Linear Park,45.0,0.0,0.0,0.0,0.0,0.0,0.0,0.0,,0.0,0.0,0.0,0.0,0.0,0.0,0.0,0.0,CP1,N,0.0,3,32 42 30.76454N 117 09 44.55763W,-117.16142203,32.70804741,1990-2001,84238.369140625,4295.25679721826
2,3984,RHO BERNARDO CP,Community Park,27.04362836,"18448 W Bernardo Drive, 92127",1150A6,RANCHO BERNARDO,DEDIC PK/OS--ORD.,Y,Rancho Bernardo Community Park,40.0,0.0,1.0,0.0,0.0,0.0,8.0,4.0,,2.0,6.0,0.0,1.0,1.0,0.0,0.0,0.0,CP1,N,2.0,5,33 02 51.60188N 117 04 32.32293W,-117.07564526,33.04766719,1940,1178015.73925781,5073.95840622965
3,3985,HILLTOP CP,Community Park,33.01480047,"14000 MC ENTEE ST, 92129",1189E2,RANCHO PENASQUITOS,DEDIC PK/OS--ORD.,Y,Hilltop Community Park,40.0,0.0,2.0,0.0,0.0,0.0,0.0,0.0,,2.0,0.0,0.0,0.0,0.0,0.0,0.0,0.0,CP1,N,2.0,5,32 58 13.72935N 117 07 10.40791W,-117.11955775,32.97048037,1979,1438118.95898438,4643.67286993508
4,3986,BLACK MTN RCH CP,Community Park,42.93536341,"14700 Carmel Valley Road, 92128",1169D7,BLACK MOUNTAIN RANCH,SEE L1203 ENTRIES,N,Black Mountain Ranch Community Park,40.0,0.0,0.0,0.0,0.0,0.0,4.0,3.0,,0.0,0.0,0.0,1.0,0.0,0.0,0.0,0.0,CP1,Y,0.0,5,32 59 19.85311N 117 07 46.48800W,-117.12958,32.98884809,2006,1870256.94335938,5822.85103410105
5,3987,CARMEL MTN RCH CP,Community Park,18.44799138,"10166 RANCHO CARMEL DR, 92128",1189H3,CARMEL MOUNTAIN RANCH,SEE L1203 ENTRIES,Y,Carmel Mtn. Ranch Community Park,40.0,0.0,1.0,0.0,0.0,0.0,2.0,1.0,,2.0,0.0,0.0,1.0,1.0,0.0,0.0,0.0,CP1,N,1.0,5,32 57 59.84666N 117 05 30.24109W,-117.09173364,32.96662407,1990-1996,803591.293945313,3653.72105476329
6,3988,CARMEL VALLEY CP,Community Park,18.72477147,"3751 TOWNSGATE DR, 92130",1188A6,CARMEL VALLEY,DEDIC PK/OS--ORD.,Y,Carmel Valley Community Park,40.0,0.0,2.0,0.0,0.0,0.0,2.0,2.0,,2.0,4.0,0.0,2.0,1.0,0.0,0.0,0.0,CP1,N,2.0,1,32 56 53.39078N 117 14 02.17212W,-117.2339367,32.9481641,1987-1990,815647.78125,4638.92754165539
7,3989,CANYONSIDE CP,Community Park,42.86312289,"12350 Black Mountain Road, 92129",1189E6,RANCHO PE헤SQUITOS,DEDIC PK/OS--ORD.,Y,Canyonside Community Park,40.0,0.0,1.0,0.0,4.0,0.0,5.0,3.0,,0.0,12.0,0.0,9.0,1.0,1.0,0.0,0.0,CP1,Y,0.0,6,32 56 31.53591N 117 07 58.52383W,-117.13292329,32.94209331,1981,1867110.18261719,7177.68476729077
8,3990,SCRIPPS RCH CP,Community Park,22.21544936,"11424 BLUE CYPRESS DR, 92131",1210A1,MIRAMAR RANCH NORTH,NONE,N,Scripps Ranch Community Park,40.0,0.0,1.0,1.0,0.0,0.0,3.0,3.0,,2.0,0.0,0.0,3.0,1.0,0.0,0.0,0.0,CP1,Y,1.0,5,32 55 39.75314N 117 04 47.19495W,-117.07977638,32.9277092,1999,967701.096679688,5201.53118255867
9,3991,MIRA MESA CP,Community Park,29.18226322,"8575 New Salem Street, 92126",1209C3,MIRA MESA,VOTER RATIF. REQ'D,Y,Mira Mesa Community Park,40.0,0.0,1.0,0.0,4.0,1.0,4.0,2.0,,2.0,0.0,0.0,2.0,0.0,0.0,0.0,0.0,CP1,N,1.0,6,32 54 51.28693N 117 08 25.24978W,-117.14034716,32.91424637,1972,1271174.30371094,6343.07471974705
10,3992,NOBEL ATHLETIC AREA,Community Park,32.30471832,"8810 Judicial Drive, 92121",1228E3,UNIVERSITY,NONE,N,Nobel Athletic Area,44.0,0.0,2.0,1.0,0.0,0.0,2.0,2.0,,1.0,0.0,0.0,1.0,1.0,0.0,0.0,0.0,CP1,Y,0.0,1,32 52 02.19361N 117 11 58.77855W,-117.19966337,32.86727598,1874-1988,1407187.89941406,5507.14209056799
11,3993,DOYLE CP,Community Park,26.33045463,"3950 Berino Court, 92122",1228C4,UNIVERSITY,DEDIC PK/OS--ORD.,Y,Doyle Community Park,44.0,0.0,1.0,2.0,0.0,0.0,3.0,1.0,,2.0,0.0,1.0,1.0,1.0,0.0,0.0,0.0,CP1,Y,2.0,1,32 51 52.33319N 117 13 09.22796W,-117.21922999,32.864537,1874-1979,1146950.01953125,4669.8017996359
12,3994,LA JOLLA CP,Community Park,3.91180195,"615 Prospect Street, 92037",1227E7,LA JOLLA,DEDIC PK/OS--ORD.,Y,La Jolla Community Park,44.0,0.0,1.0,1.0,0.0,0.0,0.0,1.0,,2.0,6.0,0.0,0.0,1.0,0.0,0.0,0.0,CP1,N,2.0,1,32 50 33.98411N 117 16 39.18344W,-117.27755096,32.84277336,1915-1939,170397.411132813,2433.20685570318
13,3995,STANDLEY CP,Community Park,20.72172415,"3547 GOVERNOR DR, 92122",1228D5,UNIVERSITY,DEDIC PK/OS--ORD.,Y,Standley Community Park,44.0,0.0,1.0,1.0,0.0,0.0,0.0,0.0,,1.0,6.0,0.0,0.0,1.0,0.0,0.0,0.0,CP1,N,1.0,1,32 50 58.62146N 117 12 36.60440W,-117.21016789,32.84961707,1874-1964,902634.697265625,5830.99617964365
14,3996,TIERRASANTA CP,Community Park,25.16960434,"11220 Clairemont Mesa Bl., 92124",1250A1,TIERRASANTA,DEDIC PK/OS--ORD.,Y,Tierrasanta Community Park,45.0,0.0,1.0,1.0,1.0,0.0,1.0,1.0,,2.0,0.0,0.0,1.0,1.0,0.0,0.0,0.0,CP1,N,1.0,7,32 49 51.24224N 117 05 19.16152W,-117.08865598,32.83090062,1968,1096383.58300781,4268.44329303743
15,3997,ADAMS AVENUE CP,Community Park,0.96587473,"3491 Adams Ave., 92116",1269F3,MID-CITY: NORMAL HEIGHTS,DEDIC PK/OS--ORD.,Y,Adams Ave. Community Park,41.0,0.0,0.0,1.0,0.0,0.0,1.0,0.0,,0.0,0.0,0.0,1.0,0.0,0.0,0.0,0.0,CP2,N,1.0,3,32 45 46.79997N 117 07 04.08476W,-117.11780132,32.76299999,1962-1989,42073.3359375,853.14901672982
16,3998,OCEAN BEACH CP,Community Park,1.28509284,"1984 EBERS ST, 92107",1267J6,OCEAN BEACH,DEDIC PK/OS--ORD.,Y,Ocean Beach Community Park,45.0,0.0,0.0,1.0,0.0,0.0,0.0,0.0,,1.0,0.0,0.0,0.0,0.0,0.0,0.0,0.0,CP1,N,1.0,2,32 44 42.32346N 117 14 42.64061W,-117.24517795,32.74508985,1944,55978.4208984375,1102.90376510992
17,3999,CLEATOR BILL CP,Community Park,16.72291529,"4412 NIMITZ BLVD, 92107",1268B6,PENINSULA,DEDIC PK/OS--ORD.,Y,Cleator Bill Community Park,45.0,0.0,1.0,0.0,3.0,0.0,1.0,2.0,,0.0,0.0,0.0,0.0,1.0,1.0,0.0,0.0,CP1,N,1.0,2,32 44 50.62555N 117 13 59.42847W,-117.23317458,32.74739599,1874-1953,728447.276367188,5236.83373479731
18,4000,PRESIDIO PARK,Regional Park,61.26507283,"2805 PRESIDIO DR, 92110",1268F4,OLD TOWN SAN DIEGO,DEDIC PK/OS--ORD.,Y,Presidio Community Park,41.0,0.0,0.0,0.0,0.0,0.0,1.0,0.0,,1.0,0.0,0.0,1.0,2.0,0.0,0.0,0.0,CP2,N,0.0,3,32 45 28.65146N 117 11 37.96988W,-117.19388052,32.75795874,1901-1975,2668695.89355469,14977.8399946915
19,4001,NORTH PARK CP,Community Park,8.36159186,"4044 Idaho St., 92104",1269D5,GREATER NORTH PARK,SEE L1203 ENTRIES,N,North Park Community Park,41.0,0.0,1.0,1.0,0.0,0.0,1.0,1.0,,1.0,3.0,0.0,1.0,1.0,0.0,0.0,0.0,CP2,N,1.0,3,32 45 08.72830N 117 08 03.97400W,-117.13443722,32.75242453,1905-1948,364229.486328125,3928.50807621784
20,4002,COLINA DEL SOL CP,Community Park,31.37090582,"4150 54th Place, 92115",1270A5,MID-CITY: CITY HEIGHTS,DEDIC PK/OS--ORD.,Y,Colina Del Sol Community Park,41.0,0.0,1.0,0.0,0.0,0.0,3.0,1.0,,2.0,6.0,0.0,1.0,1.0,0.0,0.0,0.0,CP2,N,2.0,9,32 45 05.70295N 117 04 53.28951W,-117.08146931,32.75158415,1945-1952,1366511.18945313,5854.19713093067
21,4003,CITY HEIGHTS CP,Community Park,9.54896403,"4367 WIGHTMAN ST, 92105",1269H5,MID-CITY: CITY HEIGHTS,DEDIC PK/OS--ORD.,Y,City Heights Community Park,41.0,0.0,1.0,1.0,0.0,0.0,1.0,2.0,,0.0,4.0,0.0,2.0,1.0,0.0,0.0,0.0,CP2,N,2.0,9,32 44 48.25390N 117 05 57.88646W,-117.09941291,32.74673719,1948-2002,415951.2109375,4431.45806499925
22,4004,PT LOMA CP,Community Park,10.48590977,"1059 CATALINA BLVD, 92106",1288A2,PENINSULA,DEDIC PK/OS--ORD.,Y,Point Loma Community Park,45.0,0.0,0.0,0.0,3.0,0.0,0.0,1.0,,0.0,4.0,0.0,0.0,0.0,1.0,0.0,0.0,CP1,N,0.0,2,32 43 29.35513N 117 14 35.49600W,-117.24319333,32.72482087,NA,456764.401367188,3743.53258804573
23,4005,CHOLLAS CP,Community Park,341.03117625,"6350 College Grove Dr., 92105",1270D6,MID-CITY: EASTERN AREA,DEDIC PK/OS--ORD.,Y,Chollas Lake Community Park,41.0,0.0,4.0,0.0,3.0,0.0,1.0,1.0,,0.0,0.0,0.0,0.0,2.0,0.0,0.0,0.0,CP2,N,2.0,4,32 44 05.27124N 117 04 03.52425W,-117.06764563,32.73479757,1945-1980,14855258.6171875,34478.8595289948
24,4006,MEMORIAL CP,Community Park,17.9766662,"2947 OCEAN VIEW BLVD, 92113",1289E5,SOUTHEASTERN SAN DIEGO,DEDIC PK/OS--ORD.,Y,Memorial Community Park,43.0,0.0,1.0,1.0,1.0,0.0,2.0,2.0,,0.0,0.0,0.0,1.0,1.0,1.0,0.0,0.0,CP2,N,3.0,8,32 41 57.68825N 117 07 50.36741W,-117.13065761,32.69935785,1939,783060.448242188,3744.24536632852
25,4007,ENCANTO CP,Community Park,8.87172519,"6508 Wunderlin Ave., 92114",1290D3,ENCANTO,DEDIC PK/OS--ORD.,Y,Encanto Community Park,43.0,0.0,1.0,0.0,1.0,0.0,2.0,0.0,,1.0,2.0,0.0,1.0,1.0,1.0,0.0,0.0,CP2,N,1.0,4,32 42 56.06877N 117 03 24.87445W,-117.05690957,32.71557466,1941-1976,386450.802734375,4359.71008664717
26,4008,MARTIN L KING CP,Community Park,34.56712045,"6407 SKYLINE DR, 92114",1290D5,ENCANTO,DEDIC PK/OS--ORD.,Y,Martin Luther King Community Park,43.0,0.0,1.0,0.0,0.0,0.0,2.0,2.0,,4.0,7.0,0.0,0.0,1.0,1.0,0.0,0.0,CP2,N,2.0,4,32 41 57.15138N 117 03 37.04934W,-117.06029148,32.69920872,1968,1505737.74414063,5255.13172638182
27,4009,SKYLINE HILLS CP,Community Park,10.10990157,"8285 Skyline Dr., 92114",1290H4,SKYLINE-PARADISE HILLS,DEDIC PK/OS--ORD.,Y,Skyline Hills Community Park,42.0,0.0,1.0,0.0,0.0,0.0,2.0,1.0,,2.0,0.0,0.0,1.0,1.0,1.0,0.0,0.0,CP2,N,1.0,4,32 42 19.33098N 117 01 30.73115W,-117.0252031,32.70536972,1964-1966,440385.548828125,2718.14448766951
28,4010,SOUTHCREST CP,Community Park,17.49087063,"1297 S 40TH ST, 92113",1289H6,SOUTHEASTERN SAN DIEGO,DEDIC PK/OS--ORD.,Y,Southcrest Community Park,43.0,0.0,0.0,0.0,0.0,0.0,0.0,0.0,,0.0,0.0,0.0,0.0,0.0,0.0,0.0,0.0,CP2,N,1.0,9,32 41 36.16390N 117 06 20.14753W,-117.10559654,32.69337886,1949-1972,761899.28125,5200.5462248038
29,4011,PARADISE HILLS CP,Community Park,44.71069277,"6610 Potomac St., 92139",1290E6,SKYLINE-PARADISE HILLS,DEDIC PK/OS--ORD.,Y,Paradise Hills Community Park,42.0,0.0,0.0,0.0,0.0,0.0,0.0,0.0,,0.0,0.0,0.0,0.0,0.0,0.0,0.0,0.0,CP2,N,3.0,4,32 41 14.20804N 117 03 13.24877W,-117.05368021,32.68728001,1979-1981,1947589.99511719,9597.0858700526
30,4012,BAY TERRACES CP,Community Park,12.03750034,"7373 Tooma St., 92139",1290G7,SKYLINE-PARADISE HILLS,DEDIC PK/OS--ORD.,Y,Bay Terraces Community Park,42.0,0.0,1.0,0.0,0.0,0.0,0.0,2.0,,0.0,0.0,0.0,0.0,1.0,0.0,0.0,0.0,CP2,N,1.0,4,32 40 49.80573N 117 02 08.80782W,-117.03577995,32.68050159,1979,524351.419921875,3036.25935388321
31,4013,EGGER-SOUTH BAY CP,Community Park,8.87587061,"1885 CORONADO SB AVE, 92154",1350A1,OTAY MESA-NESTOR,DEDIC PK/OS--ORD.,Y,Egger-South Bay Community Park,42.0,0.0,2.0,0.0,0.0,0.0,2.0,1.0,,0.0,0.0,0.0,1.0,0.0,0.0,0.0,0.0,CP2,N,2.0,8,32 34 31.86636N 117 05 38.06214W,-117.09390615,32.57551843,1969,386631.376953125,2479.60035208194
32,4014,MONTGOMERY-WALLER CP,Community Park,58.87172412,"3020 Coronado Ave., 92154",1330D7,OTAY MESA-NESTOR,SEE L1203 ENTRIES,Y,Montgomery Waller Community Park,42.0,0.0,2.0,1.0,1.0,0.0,4.0,2.0,,2.0,0.0,0.0,2.0,1.0,1.0,0.0,0.0,CP2,N,1.0,8,32 34 50.86058N 117 04 07.19929W,-117.06866647,32.58079461,1961-1964,2564442.04980469,6695.89062590858
33,4015,SAN YSIDRO CP,Community Park,2.87903898,"247 E PARK AVE, 92173",1350G4,SAN YSIDRO,MULTIPLE,Y,San Ysidro Community Park,42.0,0.0,0.0,1.0,0.0,0.0,0.0,0.0,,2.0,2.0,0.0,0.0,0.0,0.0,0.0,0.0,CP2,N,1.0,8,32 33 17.33253N 117 02 39.47529W,-117.04429869,32.55481459,NA,125410.4375,3602.27810012552
34,4016,OLIVE GROVE CP,Community Park,9.17615677,"6075 Printwood Way, 92117",1248J2,CLAIREMONT MESA,DEDIC PK/OS--ORD.,Y,Olive Grove Community Park,44.0,0.0,1.0,0.0,0.0,0.0,2.0,1.0,,2.0,0.0,0.0,0.0,1.0,0.0,0.0,0.0,CP1,N,1.0,6,32 49 35.46881N 117 10 15.61199W,-117.17100333,32.82651911,1948,399711.791992188,2517.86438087339
35,4017,SERRA MESA CP,Community Park,19.7108147,"9020 Village Glen Drive, 92123",1249D4,SERRA MESA,DEDIC PK/OS--ORD.,Y,Serra Mesa Community Park,45.0,0.0,1.0,1.0,0.0,0.0,2.0,0.0,,2.0,0.0,0.0,1.0,0.0,0.0,0.0,0.0,CP1,N,1.0,7,32 48 26.67091N 117 07 59.17725W,-117.13310479,32.80740859,1947-1964,858599.653320313,5907.3306201082
36,4018,PACIFIC BEACH CP,Community Park,1.66234465,"1405 Diamond Street, 92109",1247J5,PACIFIC BEACH,DEDIC PK/OS--ORD.,Y,Pacific Beach Community Park,44.0,0.0,1.0,1.0,0.0,0.0,0.0,0.0,,2.0,2.0,0.0,0.0,1.0,0.0,0.0,0.0,CP1,N,1.0,2,32 48 05.01848N 117 14 40.94453W,-117.24470681,32.80139402,1942-1947,72411.443359375,1078.66933175936
37,4019,ALLIED GARDENS CP,Community Park,13.80595869,"5155 Greenbrier Ave., 92120",1250A5,NAVAJO,DEDIC PK/OS--ORD.,Y,Allied Gardens Community Park,45.0,0.0,1.0,1.0,0.0,0.0,0.0,0.0,,2.0,0.0,0.0,0.0,0.0,0.0,0.0,0.0,CP1,N,1.0,7,32 47 42.21516N 117 04 51.69524W,-117.08102646,32.79505977,1958-1965,601385.158203125,4536.48072850752
38,4020,LAKE MURRAY CP,Community Park,39.97055973,"6308 PARK RIDGE BLVD, 92120",1250E6,NAVAJO,DEDIC PK/OS--ORD.,Y,Lake Murray Community Park,45.0,0.0,1.0,1.0,3.0,0.0,3.0,0.0,,0.0,10.0,0.0,0.0,1.0,1.0,0.0,0.0,CP1,N,1.0,7,32 47 26.88658N 117 02 48.90778W,-117.04691883,32.79080183,1947,1741110.61328125,9602.72172271747
39,4021,SAN CARLOS CP,Community Park,9.78882995,"6445 Lake Badin Ave., 92119",1250H5,NAVAJO,DEDIC PK/OS--ORD.,Y,San Carlos Community Park,45.0,0.0,1.0,1.0,0.0,0.0,5.0,1.0,,2.0,0.0,0.0,0.0,1.0,0.0,0.0,0.0,CP1,N,1.0,7,32 47 55.12525N 117 01 16.13407W,-117.02114835,32.7986459,1961-1976,426399.728515625,2651.79404428549
40,4022,OCEAN BEACH GATEWAY,Community Park,0.21608061,"2300 SUNSET CLIFFS BLVD, 92107",1268A5,OCEAN BEACH,NONE,N,Ocean Beach Gateway Mini-Park,45.0,0.0,0.0,0.0,0.0,0.0,0.0,0.0,,0.0,0.0,0.0,0.0,0.0,0.0,0.0,0.0,CP1,N,0.0,2,32 45 04.62901N 117 14 32.20560W,-117.24227933,32.75128584,NA,9412.4306640625,421.08268235685
41,4023,TECOLOTE CP,Community Park,19.67073826,"1701 TECOLOTE RD, 92110",1268G1,LINDA VISTA,DEDIC PK/OS--ORD.,Y,Tecolote Community Park,44.0,0.0,1.0,0.0,5.0,0.0,0.0,1.0,,2.0,0.0,0.0,0.0,1.0,0.0,0.0,0.0,CP1,N,1.0,2,32 46 26.99261N 117 11 58.41653W,-117.19956015,32.77416461,1953,856853.93359375,7833.30309436056
42,4024,CADMAN CP,Community Park,8.34885456,"4280 Avati Drive, 92117",1248D3,CLAIREMONT MESA,DEDIC PK/OS--ORD.,Y,Cadman Community Park,44.0,0.0,0.0,1.0,1.0,0.0,0.0,0.0,,1.0,1.0,0.0,0.0,0.0,1.0,0.0,0.0,CP1,N,1.0,2,32 49 13.91881N 117 12 57.16751W,-117.21587986,32.820533,1964-1976,363674.651367188,3357.72757520167
43,4025,N CLAIREMONT CP,Community Park,14.49774928,"4421 Bannock Avenue, 92117",1248F1,CLAIREMONT MESA,DEDIC PK/OS--ORD.,Y,North Clairemont Community Park,44.0,0.0,1.0,1.0,0.0,0.0,0.0,1.0,,1.0,1.0,0.0,0.0,0.0,1.0,0.0,0.0,CP1,N,1.0,6,32 49 53.61000N 117 11 48.41461W,-117.19678184,32.83155833,1954,631519.432617188,3613.76852044907
44,4026,SOUTH CLAIREMONT CP,Community Park,9.77992736,"3577 CLAIREMONT DR, 92117",1248E5,CLAIREMONT MESA,DEDIC PK/OS--ORD.,Y,South Clairemont Community Park,44.0,0.0,1.0,1.0,0.0,0.0,0.0,0.0,,1.0,1.0,0.0,0.0,0.0,0.0,0.0,0.0,CP1,N,1.0,2,32 48 21.10185N 117 11 57.55703W,-117.1993214,32.80586162,NA,426011.938476563,2827.75995769761
45,4027,KEARNY MESA CP,Community Park,69.81311787,"3170 Armstrong Street, 92111",1248J5,LINDA VISTA,DEDIC PK/OS--ORD.,Y,Kearny Mesa Community Park,45.0,0.0,1.0,1.0,4.0,0.0,2.0,2.0,,2.0,0.0,0.0,2.0,2.0,1.0,0.0,0.0,CP1,N,1.0,7,32 48 03.22427N 117 10 06.97061W,-117.16860295,32.80089563,1874-1948,3041047.25,7855.33641460245
46,4028,LINDA VISTA CP,Community Park,15.88096756,"6842 OSLER ST, 92111",1248J6,LINDA VISTA,DEDIC PK/OS--ORD.,Y,Linda Vista Community Park,45.0,0.0,1.0,1.0,0.0,0.0,1.0,2.0,,1.0,4.0,0.0,1.0,1.0,0.0,0.0,0.0,CP1,N,1.0,7,32 47 32.81342N 117 10 14.18711W,-117.17060753,32.79244817,1955-1977,691772.185546875,5043.97786470805
47,4029,CANYON HILLS PARK,Regional Park,54.59387777,"12300 Alemania Rd,92129",1189F6,MIRA MESA,NONE,N,Canyon Hills Park,40.0,1.0,0.0,0.0,0.0,0.0,0.0,0.0,,0.0,0.0,0.0,0.0,0.0,0.0,0.0,0.0,CP1,N,0.0,6,32 56 06.83447N 117 06 56.31689W,-117.11564358,32.9352318,1989,2378099.79492188,7474.59308013347
48,4030,TORREY PINES CITY PARK,Regional Park,464.19008128,"12001 TORREY PINES PARK RD, 92037",1207J5,UNIVERSITY,DEDIC PK/OS--ORD.,Y,Torrey Pines City Park,0.0,0.0,0.0,0.0,0.0,0.0,0.0,0.0,,0.0,0.0,0.0,0.0,0.0,0.0,0.0,0.0,DRP,N,0.0,1,32 53 57.11645N 117 14 53.84285W,-117.24828968,32.89919901,1874-1985,20220039.0527344,44242.5865837153
49,4031,CHARLOTTE PARK,Regional Park,0.1604461,"7962 PRINCESS ST, 92037",1227G5,LA JOLLA,SEE L1203 ENTRIES,Y,Charlotte Park,0.0,1.0,0.0,0.0,0.0,0.0,0.0,0.0,,0.0,0.0,0.0,0.0,0.0,0.0,0.0,0.0,DRP,N,0.0,1,32 50 58.56949N 117 15 49.96878W,-117.26388022,32.84960264,1955,6989.0009765625,412.64670139657
50,4032,HICKMAN FIELD PARK,Regional Park,46.51240649,"6660 Hickman Field Drive, 92111",1228J7,KEARNY MESA,SEE L1203 ENTRIES,N,Hickman Field Athletic Area,45.0,0.0,0.0,0.0,5.0,1.0,4.0,4.0,,0.0,0.0,0.0,0.0,1.0,1.0,0.0,0.0,CP1,N,0.0,6,32 50 14.42526N 117 09 55.78319W,-117.16549533,32.83734035,2001,2026072.32128906,6929.71834677156
51,4033,HERMOSA TERRACE PARK,Regional Park,0.99359978,"6500 NEPTUNE PL, 92037",1247E1,LA JOLLA,DEDIC PK/OS--ORD.,Y,Hermosa Terrace Park,0.0,1.0,0.0,0.0,0.0,0.0,0.0,0.0,,0.0,0.0,0.0,0.0,0.0,0.0,0.0,0.0,DRP,N,0.0,1,32 49 32.58876N 117 16 47.39100W,-117.27983083,32.8257191,1946,43281.0341796875,1003.01286554446
52,4034,LA JOLLA HERMOSA PARK,Regional Park,0.34912197,"5788 CHELSEA ST, 92037",1247F3,LA JOLLA,DEDIC PK/OS--ORD.,Y,La Jolla Hermosa Park,0.0,0.0,0.0,0.0,0.0,0.0,0.0,0.0,,0.0,0.0,0.0,0.0,0.0,0.0,0.0,0.0,DRP,N,0.0,1,32 49 01.45193N 117 16 21.90329W,-117.27275091,32.81706998,1947,15207.6923828125,633.39515097127
53,4035,MISSION BEACH PARK,Regional Park,49.78304084,"804 W MISSION BAY DR, 92109",1247H7,MISSION BEACH,DEDIC PK/OS--ORD.,Y,Mission Beach Park,0.0,0.0,0.0,0.0,0.0,0.0,0.0,0.0,,1.0,0.0,21.0,0.0,2.0,0.0,0.0,0.0,DRP,N,0.0,2,32 46 05.57993N 117 15 08.76998W,-117.2524361,32.76821665,1924-1967,2168540.609375,26611.7676347628
54,4036,MISSION BAY PARK,Regional Park,4108.39715018,"2682 INGRAHAM ST, 92109",1268B3,MISSION BAY PARK,DEDIC PK/OS--ORD.,Y,Mission Bay Park,0.0,0.0,11.0,0.0,0.0,0.0,0.0,0.0,,4.0,0.0,7.0,0.0,28.0,0.0,0.0,0.0,DRP,N,15.0,2,32 46 29.64220N 117 13 45.76605W,-117.22937946,32.77490061,1874-1993,178961064.047852,124527.654955371
55,4037,NAVAL TRAINING CENTER PARK,Regional Park,50.10903171,"2750 Womble Rd, 92106",1268D7,PENINSULA,SEE L1203 ENTRIES,N,Naval Training Center Park,45.0,0.0,1.0,2.0,0.0,0.0,0.0,1.0,,1.0,0.0,0.0,0.0,3.0,0.0,0.0,0.0,CP1,N,0.0,2,32 44 05.36647N 117 12 45.13498W,-117.2125375,32.73482402,2001,2182740.68554688,11903.527950831
56,4038,BALBOA PARK,Regional Park,1089.47645974,"2125 Park Boulevard, 92101",1269C7,BALBOA PARK,DEDIC PK/OS--ORD.,Y,Balboa Park,0.0,0.0,5.0,3.0,1.0,1.0,3.0,2.0,,0.0,25.0,0.0,1.0,10.0,1.0,0.0,0.0,DRP,N,7.0,3,32 43 53.67700N 117 08 44.91397W,-117.14580944,32.73157694,1874-1988,47457404.6855469,158549.263249564
57,4039,SUNSET CLIFFS NATURAL PARK,Regional Park,67.1093743,"700 SUNSET CLIFFS BLVD, 92107",1287H3,PENINSULA,DEDIC PK/OS--ORD.,Y,Sunset Cliffs Natural Park,0.0,0.0,0.0,0.0,0.0,0.0,0.0,0.0,,0.0,0.0,0.0,0.0,0.0,0.0,0.0,0.0,DRP,N,0.0,2,32 43 10.25005N 117 15 17.26534W,-117.25479593,32.7195139,1926-1979,2923272.63378906,24362.0034816792
58,4040,KENMORE TERRACE MP,Mini Park,0.15019002,"4842 Kenmore Terrace, 92103",1269E3,MID-CITY: NORMAL HEIGHTS,DEDIC PK/OS--ORD.,Y,Kenmore Terrace Mini-Park,41.0,0.0,0.0,0.0,0.0,0.0,0.0,0.0,,0.0,0.0,0.0,0.0,0.0,0.0,0.0,0.0,CP2,N,0.0,3,32 45 59.03331N 117 07 37.99033W,-117.12721954,32.76639814,1989,6542.25,387.05106773932
59,4041,MONTEZUMA NP,Neighborhood Park,1.57339647,"4941 CATOCTIN DR, 92115",1270D2,COLLEGE AREA,DEDIC PK/OS--ORD.,Y,Montezuma Neighborhood Park,41.0,0.0,0.0,0.0,0.0,0.0,0.0,0.0,,0.0,0.0,0.0,0.0,0.0,0.0,0.0,0.0,CP2,N,0.0,9,32 46 02.73639N 117 03 37.16569W,-117.0603238,32.76742677,1972-1973,68536.8740234375,1077.33320758953
60,4042,COLLIER NP,Neighborhood Park,5.69967294,"2351 Soto Street, 92107",1268B6,PENINSULA,DEDIC PK/OS--ORD.,Y,Collier Neighborhood Park,45.0,0.0,0.0,0.0,0.0,0.0,0.0,0.0,,0.0,0.0,0.0,0.0,0.0,0.0,0.0,0.0,CP1,N,0.0,2,32 44 51.16670N 117 14 06.88693W,-117.23524637,32.74754631,1874-1977,248276.76171875,3399.78697719146
61,4043,EL CAMPO SANTO,Cemetery,0.27577106,"2410 San Diego Avenue, 92110",1268F5,OLD TOWN SAN DIEGO,SEE L1203 ENTRIES,N,El Campo Santo Neighborhood Park,41.0,0.0,0.0,0.0,0.0,0.0,0.0,0.0,,0.0,0.0,0.0,0.0,0.0,0.0,0.0,0.0,CP2,N,0.0,3,32 45 05.78879N 117 11 35.53952W,-117.19320542,32.751608,1928,12012.5400390625,437.06857250325
62,4044,PLUMOSA MP,Mini Park,1.09598682,"2676 CHATSWORTH BLVD, 92106",1268C6,PENINSULA,DEDIC PK/OS--ORD.,Y,Plumosa Park,45.0,0.0,0.0,0.0,0.0,0.0,0.0,0.0,,0.0,0.0,0.0,0.0,0.0,0.0,0.0,0.0,CP1,N,0.0,2,32 44 39.89611N 117 13 17.37936W,-117.22149427,32.74441558,1925,47740.9990234375,1208.35695801659
63,4045,CLAY AVE MP,Mini Park,0.16433655,"3156 CLAY AVE, 92113",1289E4,SOUTHEASTERN SAN DIEGO,DEDIC PK/OS--ORD.,Y,Clay Ave. Mini-Park,43.0,0.0,1.0,0.0,0.0,0.0,0.0,0.0,,0.0,0.0,0.0,0.0,0.0,0.0,0.0,0.0,CP2,N,1.0,8,32 42 10.71653N 117 07 33.99702W,-117.12611028,32.70297681,1972,7158.4716796875,381.00283506742
64,4046,MARTIN AVE MP,Mini Park,0.1496101,"3469 MARTIN AVE, 92113",1289F5,SOUTHEASTERN SAN DIEGO,NONE,N,Martin Ave. Mini-Park,43.0,1.0,0.0,0.0,0.0,0.0,0.0,0.0,,0.0,0.0,0.0,0.0,0.0,0.0,0.0,0.0,CP2,N,0.0,9,32 41 57.04922N 117 07 09.54694W,-117.1193186,32.69918034,1953,6516.990234375,364.00744682424
65,4047,J ST MP,Mini Park,0.21975204,"3291 J St., 92102",1289F4,SOUTHEASTERN SAN DIEGO,DEDIC PK/OS--ORD.,Y,J Street Mini-Park,43.0,0.0,0.0,1.0,0.0,0.0,0.0,0.0,,0.0,0.0,0.0,0.0,0.0,0.0,0.0,0.0,CP2,N,1.0,8,32 42 35.10090N 117 07 22.10873W,-117.12280798,32.70975025,1967,9572.3603515625,402.02756540992
66,4048,L ST MP,Mini Park,0.15124386,"2901 L St., 92102",1289D4,SOUTHEASTERN SAN DIEGO,DEDIC PK/OS--ORD.,Y,L Street Mini-Park,43.0,0.0,0.0,0.0,0.0,0.0,0.0,0.0,,1.0,0.0,0.0,0.0,0.0,0.0,0.0,0.0,CP2,N,0.0,8,32 42 25.63255N 117 08 01.25291W,-117.13368136,32.70712015,1971,6588.15625,374.3744275496
67,4049,ALLEN DENNIS V NP,Neighborhood Park,5.63052529,"800 Boundary St., 92102",1289G3,SOUTHEASTERN SAN DIEGO,DEDIC PK/OS--ORD.,Y,"Allen, Dennis V Neighborhood Park",43.0,0.0,1.0,0.0,0.0,0.0,0.0,0.0,,1.0,0.0,0.0,0.0,1.0,0.0,0.0,0.0,CP2,N,1.0,9,32 42 49.79592N 117 06 42.80335W,-117.11188982,32.7138322,1986,245264.697265625,2393.56887990787
68,4050,GOMPERS NP,Neighborhood Park,4.73441056,"4926 Hilltop Dr., 92102",1290A3,ENCANTO,DEDIC PK/OS--ORD.,Y,Gompers Neighborhood Park,43.0,0.0,1.0,1.0,0.0,0.0,0.0,0.0,,0.0,0.0,0.0,0.0,1.0,0.0,0.0,0.0,CP2,N,1.0,4,32 42 57.54370N 117 05 19.53976W,-117.08876104,32.71598436,1967,206230.096679688,1927.58579721727
69,4051,LA PAZ MP,Mini Park,0.49819761,"5292 LA PAZ DR, 92114",1290B5,ENCANTO,NONE,N,La Paz Mini-Park,43.0,1.0,0.0,0.0,0.0,0.0,0.0,0.0,,0.0,0.0,0.0,0.0,0.0,0.0,0.0,0.0,CP2,N,0.0,4,32 41 58.68572N 117 04 50.41134W,-117.08066982,32.69963492,1945,21701.4013671875,576.28364855117
70,4052,SANTA ISABEL MP,Mini Park,0.14559423,"771 SANTA ISABEL DR, 92114",1290B5,ENCANTO,SEE L1203 ENTRIES,N,Santa Isabel Mini-Park,43.0,1.0,0.0,0.0,0.0,0.0,0.0,0.0,,0.0,0.0,0.0,0.0,0.0,0.0,0.0,0.0,CP2,N,0.0,4,32 41 51.95883N 117 04 44.66696W,-117.07907416,32.69776634,1945,6342.0576171875,309.96950636718
71,4053,OCEAN VIEW MP,Mini Park,0.22263707,"4294 OCEAN VIEW BLVD, 92113",1289H5,SOUTHEASTERN SAN DIEGO,NONE,N,Ocean View Mini-Park,43.0,1.0,0.0,0.0,0.0,0.0,0.0,0.0,,0.0,0.0,0.0,0.0,0.0,0.0,0.0,0.0,CP2,N,0.0,4,32 42 03.00338N 117 06 08.65453W,-117.10240404,32.70083427,1956,9698.033203125,475.86070279382
72,4054,KENNEDY JOHN F NP,Neighborhood Park,4.14349873,"4825 Ocean View Bl., 92113",1290A5,ENCANTO,DEDIC PK/OS--ORD.,Y,John F. Kennedy Neighborhood Park,43.0,0.0,1.0,1.0,0.0,0.0,0.0,0.0,,0.0,0.0,0.0,0.0,1.0,0.0,0.0,0.0,CP2,N,1.0,4,32 41 58.32264N 117 05 27.89161W,-117.091081,32.69953407,1968,180490.083984375,1804.27951302061
73,4055,KEILLER NP,Neighborhood Park,5.67166097,"7400 Lisbon St., 92114",1290F3,SKYLINE-PARADISE HILLS,DEDIC PK/OS--ORD.,Y,Keiller Neighborhood Park,42.0,0.0,0.0,1.0,0.0,0.0,2.0,1.0,,0.0,0.0,0.0,0.0,1.0,0.0,0.0,0.0,CP2,N,1.0,4,32 42 48.16945N 117 02 29.06201W,-117.04140611,32.7133804,1976,247056.565429688,2448.53111136919
74,4056,LOMITA NP,Neighborhood Park,4.14130427,"8205 Leucadia St., 92114",1290H3,SKYLINE-PARADISE HILLS,DEDIC PK/OS--ORD.,Y,Lomita Neighborhood Park,42.0,0.0,1.0,0.0,0.0,0.0,0.0,0.0,,1.0,0.0,0.0,0.0,0.0,0.0,0.0,0.0,CP2,N,1.0,4,32 42 35.14139N 117 01 41.20635W,-117.02811288,32.7097615,1953,180394.490234375,1920.92495913578
75,4057,CHRISTOPHER WILSON NP,Neighborhood Park,5.47999921,"8285 Skyline Dr., 92114",1290F4,SKYLINE-PARADISE HILLS,DEDIC PK/OS--ORD.,Y,Officer Christopher Wilson Neighborhood Park,42.0,0.0,1.0,1.0,0.0,0.0,0.0,0.0,,1.0,0.0,0.0,0.0,0.0,0.0,0.0,0.0,CP2,N,1.0,4,32 42 16.08848N 117 02 30.95942W,-117.04193317,32.70446902,1976-1978,238707.811523438,1996.18671887108
76,4058,MARIE WIDMAN MEMORIAL PARK,Neighborhood Park,5.01296498,"6727 IMPERIAL AVE, 92114",1290E3,SKYLINE-PARADISE HILLS,DEDIC PK/OS--ORD.,Y,Marie Widman Neighborhood Park,43.0,0.0,1.0,0.0,0.0,0.0,0.0,0.0,,0.0,0.0,0.0,0.0,1.0,0.0,0.0,0.0,CP2,N,1.0,4,32 42 37.97117N 117 03 10.73046W,-117.05298068,32.71054755,1944-1987,218363.879882813,4028.45628224997
77,4059,BOONE NP,Neighborhood Park,4.408922,"7248 Bullock Dr., 92114",1290G5,SKYLINE-PARADISE HILLS,DEDIC PK/OS--ORD.,Y,Boone Neighborhood Park,42.0,0.0,1.0,1.0,0.0,0.0,0.0,0.0,,1.0,0.0,0.0,0.0,0.0,0.0,0.0,0.0,CP2,N,1.0,4,32 41 52.27844N 117 02 15.90885W,-117.03775246,32.69785512,1986,192051.869140625,1777.11769724538
78,4060,Z ST MP,Mini Park,0.36595527,"3944 Z ST, 92113",1289G6,SOUTHEASTERN SAN DIEGO,NONE,N,Z Street Mini-Park,43.0,1.0,0.0,0.0,0.0,0.0,0.0,0.0,,0.0,0.0,0.0,0.0,0.0,0.0,0.0,0.0,CP2,N,0.0,9,32 41 35.81955N 117 06 34.06525W,-117.10946257,32.69328321,1956-1957,15940.947265625,626.63925077707
79,4061,41ST ST MP,Mini Park,0.16076068,"4105 Gamma St., 92113",1289H7,SOUTHEASTERN SAN DIEGO,DEDIC PK/OS--ORD.,Y,41st Street Mini-Park,43.0,0.0,1.0,0.0,0.0,0.0,0.0,0.0,,0.0,0.0,0.0,0.0,0.0,0.0,0.0,0.0,CP2,N,1.0,8,32 41 22.20185N 117 06 20.79083W,-117.10577523,32.68950051,1971,8761.880859375,415.99669092666
80,4062,HENDERSON SPORT CPLX,Neighborhood Park,16.90913508,"1092 S 45TH ST, 92113",1289J6,SOUTHEASTERN SAN DIEGO,DEDIC PK/OS--ORD.,Y,"Henderson, Willie Sports Complex",43.0,0.0,2.0,0.0,0.0,0.0,4.0,2.0,,2.0,0.0,0.0,1.0,1.0,1.0,0.0,0.0,CP2,N,2.0,9,32 41 41.08887N 117 05 48.24769W,-117.09673547,32.69474691,1975-1979,736558.974609375,3918.94496138329
81,4063,PARKSIDE NP,Neighborhood Park,5.49749805,"6240 Parkside Ave., 92139",1310E2,SKYLINE-PARADISE HILLS,DEDIC PK/OS--ORD.,Y,Parkside Neighborhood Park,42.0,0.0,1.0,1.0,0.0,0.0,0.0,0.0,,1.0,0.0,0.0,0.0,0.0,0.0,0.0,0.0,CP2,N,1.0,4,32 40 03.70983N 117 03 06.16578W,-117.05171272,32.66769718,1979,239470.053710938,2338.15352854759
82,4064,BERRY NP,Neighborhood Park,3.69131117,"2060 Leon Rd. , 92154",1350A2,OTAY MESA-NESTOR,DEDIC PK/OS--ORD.,Y,Berry Neighborhood Park,42.0,0.0,0.0,0.0,0.0,0.0,0.0,0.0,,0.0,0.0,0.0,0.0,0.0,0.0,0.0,0.0,CP2,N,0.0,8,32 34 02.36055N 117 05 19.84035W,-117.08884454,32.56732237,1972,160792.870117188,1756.84641800197
83,4065,SUNNYSLOPE NP,Neighborhood Park,4.23468412,"2600 Elm St., 92154",1330C7,OTAY MESA-NESTOR,DEDIC PK/OS--ORD.,Y,Sunnyslope Neighborhood Park,42.0,0.0,1.0,1.0,0.0,0.0,0.0,0.0,,1.0,0.0,0.0,0.0,0.0,0.0,0.0,0.0,CP2,N,1.0,8,32 34 51.50794N 117 04 41.24432W,-117.07812342,32.58097443,1976,184462.102539063,1782.90795411396
84,4066,NESTOR NP,Neighborhood Park,4.98771184,"2423 Grove Ave., 92154",1350B1,OTAY MESA-NESTOR,DEDIC PK/OS--ORD.,Y,Nestor Neighborhood Park,42.0,0.0,1.0,0.0,0.0,0.0,0.0,1.0,,0.0,0.0,0.0,0.0,0.0,0.0,0.0,0.0,CP2,N,1.0,8,32 34 17.10258N 117 04 52.38035W,-117.08121676,32.57141738,1979,217263.858398438,2415.87452351011
85,4067,SOUTHWEST NP,Neighborhood Park,11.52857936,"1416 27TH SB ST, 92154",1350C1,OTAY MESA-NESTOR,DEDIC PK/OS--ORD.,Y,Southwest Neighborhood Park,42.0,1.0,0.0,0.0,0.0,0.0,0.0,0.0,,0.0,0.0,0.0,0.0,0.0,0.0,0.0,0.0,CP2,N,0.0,8,32 34 18.09640N 117 04 37.07556W,-117.07696543,32.57169344,1989-1998,502182.919921875,3220.22997705912
86,4068,SILVER WING NP,Neighborhood Park,13.02504773,"3737 Arey Dr. , 92154",1330F7,OTAY MESA-NESTOR,DEDIC PK/OS--ORD.,Y,Silver Wing Neighborhood Park,42.0,0.0,1.0,1.0,0.0,0.0,2.0,1.0,,2.0,0.0,0.0,0.0,1.0,0.0,0.0,0.0,CP2,N,1.0,8,32 34 39.13393N 117 03 09.26037W,-117.05257232,32.5775372,1970,567368.80859375,3026.97717731069
87,4069,PALM RIDGE NP,Neighborhood Park,8.15386161,"751 Firethorn St., 92154",1330G7,OTAY MESA-NESTOR,DEDIC PK/OS--ORD.,Y,Palm Ridge Neighborhood Park,42.0,0.0,1.0,0.0,0.0,0.0,2.0,1.0,,1.0,0.0,0.0,0.0,1.0,1.0,0.0,0.0,CP2,N,1.0,8,32 34 57.89455N 117 02 21.31448W,-117.03925402,32.58274849,1978,355180.793945313,2336.69438364232
88,4070,HOWARD LANE NP,Neighborhood Park,6.76733789,"1626 DAIRY MART RD, 92173",1350D2,SAN YSIDRO,DEDIC PK/OS--ORD.,Y,Howard Lane Neighborhood Park,42.0,0.0,1.0,0.0,0.0,0.0,0.0,0.0,,2.0,0.0,0.0,0.0,0.0,0.0,0.0,0.0,CP2,N,1.0,8,32 33 59.84968N 117 03 49.33274W,-117.06370354,32.56662491,1976-1977,294784.061523438,2294.78467220309
89,4071,LOS ALTOS NP,Neighborhood Park,10.2881282,"3898 MARZO ST, 92154",1350F2,OTAY MESA-NESTOR,DEDIC PK/OS--ORD.,Y,Los Altos Neighborhood Park,42.0,1.0,0.0,0.0,0.0,0.0,0.0,0.0,,0.0,0.0,0.0,0.0,0.0,0.0,0.0,0.0,CP2,N,0.0,8,32 34 11.91061N 117 03 01.44693W,-117.05040193,32.56997517,1978,448149.072265625,2677.78722154039
90,4072,OCEAN VIEW HILLS NP,Neighborhood Park,5.11248349,"4925 OCEAN VIEW HILLS PKWY, 92154",1330J7,OTAY MESA,NONE,N,Ocean View Hills Neighborhood Park,42.0,0.0,1.0,1.0,0.0,0.0,0.0,0.0,,1.0,0.0,0.0,0.0,0.0,0.0,0.0,0.0,CP2,N,2.0,8,32 34 55.06716N 117 01 35.77391W,-117.02660386,32.5819631,NA,222698.8984375,2026.55882227406
91,4073,VISTA PACIFICA NP,Neighborhood Park,6.87237924,"6066 Avenida de las Vistas, 92154",1331B7,OTAY MESA,SEE L1203 ENTRIES,N,Vista Pacifica Neighborhood Park,42.0,0.0,1.0,1.0,0.0,0.0,2.0,1.0,,1.0,0.0,1.0,0.0,1.0,0.0,0.0,0.0,CP2,N,1.0,8,32 34 54.11468N 117 00 19.84656W,-117.00551293,32.58169852,2002,299359.626953125,2337.48886976529
92,4074,LA JOLLA ATHL AREA,Neighborhood Park,6.7673885,"4636 Torrey Pines Road, 92130",1227J3,LA JOLLA,DEDIC PK/OS--ORD.,Y,La Jolla Athletic Area-Allen Field,44.0,0.0,0.0,0.0,0.0,0.0,0.0,2.0,,0.0,0.0,0.0,0.0,1.0,0.0,0.0,0.0,CP1,N,0.0,1,32 52 04.03513N 117 14 36.64078W,-117.24351133,32.86778754,1874,294786.265625,2332.1850804007
93,4075,KELLOGG NP,Neighborhood Park,8.02489148,"8300 CAM DEL ORO, 92037",1227G5,LA JOLLA,DEDIC PK/OS--ORD.,Y,Kellogg Park,0.0,0.0,1.0,0.0,0.0,0.0,0.0,0.0,,0.0,0.0,0.0,0.0,0.0,0.0,0.0,0.0,DRP,N,1.0,1,32 51 26.51883N 117 15 23.66656W,-117.25657405,32.85736634,1945-1949,349562.875976563,3601.18366572954
94,4076,UNIVERSITY VILLAGE NP,Neighborhood Park,4.01289742,"7150 Florey Street, 92122",1228F4,UNIVERSITY,DEDIC PK/OS--ORD.,Y,University Village Neighborhood Park,44.0,0.0,0.0,0.0,0.0,0.0,0.0,0.0,,0.0,0.0,0.0,0.0,0.0,0.0,0.0,0.0,CP1,N,0.0,1,32 51 31.83868N 117 11 29.98360W,-117.19166211,32.85884408,1970,174801.110351563,1675.52196987693
95,4077,UNIVERSITY GARDENS NP,Neighborhood Park,13.32132969,"6431 Gullstrand Street, 92122",1228E5,UNIVERSITY,DEDIC PK/OS--ORD.,Y,Univeristy Gardens Neighborhood Park,44.0,0.0,1.0,1.0,1.0,0.0,0.0,1.0,,0.0,0.0,0.0,0.0,1.0,0.0,0.0,0.0,CP1,Y,1.0,1,32 51 14.61585N 117 11 24.73169W,-117.19020325,32.85405996,1874,580274.799804688,2907.62324128385
96,4078,STARKEY MP,Mini Park,1.16787783,"6705 DRAPER AVE, 92037",1247F1,LA JOLLA,DEDIC PK/OS--ORD.,Y,Starkey Mini-Park,44.0,0.0,1.0,0.0,0.0,0.0,0.0,0.0,,0.0,0.0,0.0,0.0,0.0,0.0,0.0,0.0,CP1,N,1.0,1,32 49 47.82527N 117 16 22.56715W,-117.27293532,32.82995146,1945-1983,50872.5546875,959.33803764015
97,4079,UNION PL CR MP,Mini Park,0.15082515,"1250 Park Row Circle, 92101",1227F6,LA JOLLA,SEE L1203 ENTRIES,Y,Union Place Circle Mini-Park,44.0,0.0,0.0,0.0,0.0,0.0,0.0,0.0,,0.0,0.0,0.0,0.0,0.0,0.0,0.0,0.0,CP1,N,0.0,1,32 50 45.62453N 117 16 12.38759W,-117.27010766,32.84600681,1887,6569.916015625,502.99562141899
98,4080,WINDANSEA NP,Neighborhood Park,3.58758474,"6950 NEPTUNE PL, 92037",1247E2,LA JOLLA,DEDIC PK/OS--ORD.,Y,Windansea Beach,0.0,0.0,0.0,0.0,0.0,0.0,0.0,0.0,,0.0,0.0,0.0,0.0,0.0,0.0,0.0,0.0,DRP,N,0.0,1,32 49 54.41906N 117 16 52.69833W,-117.28130509,32.83178307,1923-1955,156274.563476563,3507.70309079552
99,4081,NICHOLSON'S POINT NP,Neighborhood Park,0.50988216,"246 COAST BLVD, 92037",1227E7,LA JOLLA,DEDIC PK/OS--ORD.,Y,Nicholson's Point Park,0.0,1.0,0.0,0.0,0.0,0.0,0.0,0.0,,0.0,0.0,0.0,0.0,0.0,0.0,0.0,0.0,DRP,N,0.0,1,32 50 20.11743N 117 16 53.86343W,-117.28162873,32.83892151,1874-1959,22210.37109375,1572.75488662601
100,4082,COAST BLVD NP,Neighborhood Park,0.00465013,"322 COAST BLVD, 92037",1227E7,LA JOLLA,SEE L1203 ENTRIES,N,Coast Blvd. Park,0.0,1.0,0.0,0.0,0.0,0.0,0.0,0.0,,0.0,0.0,0.0,0.0,0.0,0.0,0.0,0.0,DRP,N,0.0,1,32 50 27.44761N 117 16 53.59785W,-117.28155496,32.84095767,1992,202.5595703125,83.83737735912
101,4083,MARCY NP,Neighborhood Park,10.88742378,"5526 STRESEMANN ST, 92122",1228B6,UNIVERSITY,VOTER RATIF. REQ'D,Y,Marcy Neighborhood Park,44.0,0.0,1.0,0.0,0.0,0.0,0.0,0.0,,0.0,0.0,0.0,0.0,0.0,0.0,0.0,0.0,CP1,N,1.0,1,32 50 42.50195N 117 13 37.81278W,-117.22717022,32.84513943,1961,474254.280273438,3709.22446171671
102,4084,GERSHWIN NP,Neighborhood Park,5.3891001,"3508 Conrad Avenue, 92117",1248D1,CLAIREMONT MESA,DEDIC PK/OS--ORD.,Y,Gershwin Neighborhood Park,44.0,0.0,1.0,0.0,0.0,0.0,0.0,0.0,,1.0,1.0,0.0,0.0,1.0,0.0,0.0,0.0,CP1,N,1.0,6,32 50 05.13657N 117 12 40.96216W,-117.21137838,32.83476016,1976,234748.259765625,2106.39782045723
103,4085,MAC DOWELL NP,Neighborhood Park,3.16052917,"5173 ARVINELS AVE, 92117",1228H7,CLAIREMONT MESA,DEDIC PK/OS--ORD.,Y,MacDowell Neighborhood Park,44.0,0.0,1.0,0.0,0.0,0.0,0.0,0.0,,0.0,0.0,0.0,0.0,0.0,0.0,0.0,0.0,CP1,N,1.0,6,32 50 21.99221N 117 10 28.30356W,-117.17452877,32.83944228,1874,137672.099609375,1588.58571993623
104,4086,VILLA MONSERATE NP,Neighborhood Park,6.48773633,"10283 Perez Court, 92124",1229G7,TIERRASANTA,DEDIC PK/OS--ORD.,Y,Villa Monserate Neighborhood Park,45.0,0.0,1.0,1.0,0.0,0.0,0.0,0.0,,0.0,0.0,0.0,0.0,0.0,0.0,0.0,0.0,CP1,N,2.0,7,32 50 08.37617N 117 06 29.06026W,-117.10807229,32.83566005,1968,282604.6640625,2253.66961735619
105,4087,VILLA NORTE NP,Neighborhood Park,5.23700894,"6597 Antigua Blvd., 92124",1229J7,TIERRASANTA,DEDIC PK/OS--ORD.,Y,Villa Norte Neighborhood Park,45.0,0.0,1.0,1.0,0.0,0.0,0.0,0.0,,0.0,0.0,0.0,0.0,0.0,0.0,0.0,0.0,CP1,N,1.0,7,32 50 11.15517N 117 05 19.22587W,-117.08867385,32.83643199,1968,228123.197265625,1971.78397058832
106,4088,CAMP ELLIOTT NP,Neighborhood Park,6.62021501,"4916 Calle De Vida, 92124",1250B2,TIERRASANTA,SEE L1203 ENTRIES,N,Camp Elloit Park,45.0,1.0,0.0,0.0,0.0,0.0,0.0,0.0,,0.0,0.0,0.0,0.0,0.0,0.0,0.0,0.0,CP1,N,0.0,7,32 49 22.42987N 117 04 32.68342W,-117.07574539,32.82289719,1968,288375.412109375,2306.84984547673
107,4089,CALUMET NP,Neighborhood Park,0.72718268,"5433 Calumet Avenue, 92037",1247F4,LA JOLLA,DEDIC PK/OS--ORD.,Y,Calumet Park,0.0,0.0,0.0,0.0,0.0,0.0,0.0,0.0,,0.0,0.0,0.0,0.0,0.0,0.0,0.0,0.0,DRP,N,0.0,1,32 48 39.04561N 117 16 09.80256W,-117.2693896,32.810846,1975,31675.9541015625,815.83670982443
108,4090,LA JOLLA STRAND NP,Neighborhood Park,1.16395869,"6664 NEPTUNE PL, 92037",1247E1,LA JOLLA,DEDIC PK/OS--ORD.,Y,La Jolla Strand Park,0.0,0.0,0.0,0.0,0.0,0.0,0.0,0.0,,0.0,0.0,0.0,0.0,0.0,0.0,0.0,0.0,DRP,N,0.0,1,32 49 40.30192N 117 16 48.14081W,-117.28003911,32.82786165,1921,50701.8330078125,2202.20935030767
109,4091,VIA D NORTE MP,Mini Park,0.36450885,"6165 LA JOLLA HERMOSA AVE, 92037",1247F2,LA JOLLA,DEDIC PK/OS--ORD.,Y,Via Del Norte Mini-Park,44.0,0.0,1.0,0.0,0.0,0.0,0.0,0.0,,0.0,0.0,0.0,0.0,0.0,0.0,0.0,0.0,CP1,N,1.0,1,32 49 22.47106N 117 16 27.34760W,-117.27426322,32.82290863,1957-2008,15877.94140625,634.02278687773
110,4092,COLOR MP,Mini Park,0.05622221,"1650 Los Altos Road, 92109",1248A4,PACIFIC BEACH,SEE L1203 ENTRIES,N,Color Mini-Park,44.0,1.0,0.0,0.0,0.0,0.0,0.0,0.0,,0.0,0.0,0.0,0.0,0.0,0.0,0.0,0.0,CP1,N,0.0,2,32 48 31.18310N 117 14 30.31947W,-117.24175541,32.80866197,1922,2449.03125,264.74272133205
111,4093,KATE SESSIONS MEMORIAL NP,Neighborhood Park,80.59851096,"5115 Soledad Road, 92109",1248A4,PACIFIC BEACH,DEDIC PK/OS--ORD.,Y,Kate Sessions Memorial Park,44.0,0.0,1.0,0.0,0.0,0.0,0.0,0.0,,0.0,0.0,0.0,0.0,1.0,0.0,0.0,0.0,CP1,N,1.0,2,32 48 48.08638N 117 14 17.71123W,-117.23825312,32.81335733,1874-1949,3510857.09570313,7978.91418848943
112,4094,TOURMALINE SURFING NP,Neighborhood Park,7.99260657,"601 Tourmaline Street, 92109",1247G5,PACIFIC BEACH,DEDIC PK/OS--ORD.,Y,Tourmaline Surfing Park,0.0,0.0,0.0,0.0,0.0,0.0,0.0,0.0,,0.0,0.0,0.0,0.0,1.0,0.0,0.0,0.0,DRP,N,0.0,1,32 48 23.08518N 117 15 47.00163W,-117.26305601,32.80641255,1948-1963,348156.541992188,8974.53111379398
113,4095,BIRD ROCK NP,Neighborhood Park,0.92356229,"5371 La Jolla Hermosa Avenue, 92037",1247G4,LA JOLLA,DEDIC PK/OS--ORD.,Y,Birdrock Neighborhood Park,44.0,0.0,0.0,0.0,0.0,0.0,1.0,0.0,,0.0,0.0,0.0,0.0,0.0,0.0,0.0,0.0,CP1,N,0.0,1,32 48 40.83739N 117 15 43.48463W,-117.26207906,32.81134372,1979,40230.212890625,828.00878736623
114,4096,MT ETNA NP,Neighborhood Park,7.32172513,"4741 Mt Etna Drive, 92117",1248F2,CLAIREMONT MESA,DEDIC PK/OS--ORD.,Y,Mount Etna Neighborhood Park,44.0,0.0,1.0,0.0,3.0,0.0,0.0,0.0,,0.0,0.0,0.0,0.0,1.0,1.0,0.0,0.0,CP1,N,1.0,6,32 49 19.55545N 117 11 31.86842W,-117.19218567,32.82209874,1959-1976,318933.073242188,2867.63420168964
115,4097,LINDBERGH NP,Neighborhood Park,7.98108111,"4141 Ashford Street, 92111",1249A3,CLAIREMONT MESA,DEDIC PK/OS--ORD.,Y,Lindbergh Neighborhood Park,45.0,0.0,1.0,0.0,0.0,0.0,0.0,1.0,,2.0,0.0,0.0,0.0,1.0,0.0,0.0,0.0,CP1,N,1.0,6,32 49 08.33078N 117 09 44.22571W,-117.16228492,32.81898077,1968-1974,347654.497070313,3136.53158856481
116,4098,MT ACADIA NP,Neighborhood Park,7.64283918,"3865 Mt Acadia Boulevard, 92111",1248H4,CLAIREMONT MESA,DEDIC PK/OS--ORD.,Y,Mount Acadia Neighborhood Park,44.0,0.0,1.0,1.0,0.0,0.0,2.0,0.0,,0.0,0.0,0.0,0.0,1.0,0.0,0.0,0.0,CP1,N,1.0,6,32 48 44.37288N 117 10 48.94651W,-117.18026292,32.8123258,1961,332920.7421875,2340.75681792884
117,4099,ROADRUNNER NP,Neighborhood Park,10.15497517,"4779 LA CUENTA DR, 92124",1249H2,TIERRASANTA,DEDIC PK/OS--ORD.,Y,Roadrunner Neighborhood Park,45.0,0.0,1.0,0.0,0.0,0.0,0.0,0.0,,0.0,0.0,0.0,0.0,0.0,0.0,0.0,0.0,CP1,N,1.0,7,32 49 04.89216N 117 06 06.02935W,-117.10167482,32.8180256,1968-1973,442348.948242188,3206.49766340659
118,4100,DAILARD NP,Neighborhood Park,4.60274754,"6391 Cibola Rd, 92120",1250D4,NAVAJO,DEDIC PK/OS--ORD.,Y,Dailard Neighborhood Park,45.0,0.0,1.0,1.0,0.0,0.0,0.0,0.0,,0.0,0.0,0.0,0.0,0.0,0.0,0.0,0.0,CP1,N,1.0,7,32 48 24.72779N 117 03 13.19840W,-117.05366622,32.80686883,1974,200494.883789063,1967.00581179142
119,4101,CHOLLAS PARKWAY OPEN SPACE,Open Space Park,34.89563626,"2891 EUCLID AVE, 92105",1270A7,MID-CITY: CITY HEIGHTS,NONE,N,Chollas Parkway Open Space Park,41.0,0.0,0.0,0.0,0.0,0.0,0.0,0.0,,0.0,0.0,0.0,0.0,0.0,0.0,0.0,0.0,CP2,N,0.0,9,32 44 11.78857N 117 05 14.35672W,-117.08732131,32.73660793,1953-1988,1520047.84179688,14574.9268958121
120,4102,SUNSHINE BERARDINI FIELD,Neighborhood Park,39.6080061,"4416 FEDERAL BLVD, 92102",1289H2,MID-CITY: CITY HEIGHTS,DEDIC PK/OS--ORD.,Y,Sunshine Berardini Field,41.0,0.0,0.0,0.0,3.0,0.0,0.0,0.0,,0.0,0.0,0.0,0.0,1.0,1.0,0.0,0.0,CP2,N,0.0,9,32 43 24.86161N 117 05 52.05617W,-117.09779338,32.72357267,1953-1986,1725317.84277344,10251.4306783492
121,4103,CHARLES STEVENS III MEMORIAL PARK,Neighborhood Park,6.22786189,"4632 HOME AVE, 92105",1269J7,MID-CITY: CITY HEIGHTS,DEDIC PK/OS--ORD.,Y,Charles L. Stevens III Memorial Park,41.0,0.0,0.0,0.0,0.0,0.0,0.0,0.0,,0.0,0.0,0.0,0.0,0.0,0.0,0.0,0.0,CP2,N,0.0,9,32 44 02.58451N 117 05 35.84864W,-117.09329129,32.73405125,2003,271284.577148438,2427.81351993811
122,4104,MCCALL ST MP,Mini Park,0.02406105,"453 SAN ANTONIO AVE, 92106",1288A4,PENINSULA,NONE,N,McCall Street Mini-Park,0.0,1.0,0.0,0.0,0.0,0.0,0.0,0.0,,0.0,0.0,0.0,0.0,0.0,0.0,0.0,0.0,DRP,N,0.0,2,32 42 37.25914N 117 14 13.19796W,-117.23699943,32.71034976,1977,1048.0947265625,183.65280909421
123,4105,HORTON PLAZA NP,Neighborhood Park,0.45525573,"325 Broadway Ave, 92101",1289A3,DOWNTOWN,DEDIC PK/OS--ORD.,Y,Horton Plaza Park,45.0,0.0,0.0,0.0,0.0,0.0,0.0,0.0,,0.0,0.0,0.0,0.0,0.0,0.0,0.0,0.0,CP1,N,0.0,3,32 42 55.41072N 117 09 41.50291W,-117.16152859,32.71539187,1894,19830.8603515625,600.14925559464
124,4106,PANTOJA NP,Neighborhood Park,2.14841166,"524 West G Street, 92118",1289A3,DOWNTOWN,DEDIC PK/OS--ORD.,Y,Pantoja Neighborhood Park,45.0,0.0,0.0,0.0,0.0,0.0,0.0,0.0,,0.0,0.0,0.0,0.0,0.0,0.0,0.0,0.0,CP1,N,0.0,3,32 42 47.15973N 117 10 04.27799W,-117.167855,32.71309993,1850,93584.439453125,1229.39271741142
125,4107,DAVIS HOUSE MP,Mini Park,0.11856158,"424 ISLAND AVE, 92101",1289A4,DOWNTOWN,NONE,N,Davis House Mini-Park,45.0,0.0,0.0,0.0,0.0,0.0,0.0,0.0,,0.0,0.0,0.0,0.0,0.0,0.0,0.0,0.0,CP1,N,0.0,3,32 42 38.14266N 117 09 38.65989W,-117.16073886,32.71059518,1981,5164.521484375,307.15252178269
126,4108,KING PROMENADE NP,Neighborhood Park,0.51873681,"326 W HARBOR DR, 92101",1289A4,DOWNTOWN,NONE,N,King Promenade,45.0,0.0,0.0,0.0,0.0,0.0,0.0,0.0,,0.0,0.0,0.0,0.0,0.0,0.0,0.0,0.0,CP1,N,0.0,3,32 42 38.26663N 117 09 58.96325W,-117.16637868,32.71062962,1992,22596.091796875,1333.12808609633
127,4109,GRANT HILL NP,Neighborhood Park,2.64806007,"2632 J ST, 92102",1289D4,SOUTHEASTERN SAN DIEGO,DEDIC PK/OS--ORD.,Y,Grant Hill Neighborhood Park,43.0,0.0,1.0,0.0,0.0,0.0,0.0,0.0,,1.0,0.0,0.0,0.0,1.0,0.0,0.0,0.0,CP2,N,1.0,8,32 42 34.93208N 117 08 13.85057W,-117.13718071,32.70970335,1940-1968,115349.032226563,1592.37930039477
128,4110,30TH ST MP,Mini Park,0.22849692,"702 S.30TH St., 92113",1289E3,SOUTHEASTERN SAN DIEGO,DEDIC PK/OS--ORD.,Y,30th Street Mini-Park,43.0,0.0,0.0,1.0,0.0,0.0,0.0,0.0,,0.0,0.0,0.0,0.0,0.0,0.0,0.0,0.0,CP2,N,0.0,8,32 42 39.47476N 117 07 46.25308W,-117.12951474,32.71096521,1971,9953.287109375,504.26344749097
129,4111,SHERMAN MP,Mini Park,0.11699901,"450 24th St., 92012",1289C4,SOUTHEASTERN SAN DIEGO,DEDIC PK/OS--ORD.,Y,Sherman Mini-Park,43.0,0.0,0.0,1.0,0.0,0.0,0.0,0.0,,0.0,0.0,0.0,0.0,1.0,0.0,0.0,0.0,CP2,N,0.0,8,32 42 38.55394N 117 08 36.42295W,-117.14345082,32.71070943,1971,5096.4560546875,303.54059968628
130,4112,CHICANO PARK,Regional Park,0.51446282,"1982 National Ave., 92113",1289C5,BARRIO LOGAN,SEE L1203 ENTRIES,N,Chicano Regional Park,43.0,0.0,1.0,1.0,0.0,0.0,0.0,0.0,,2.0,0.0,0.0,0.0,1.0,0.0,0.0,0.0,DRP,N,2.0,8,32 42 00.91356N 117 08 36.26873W,-117.14340798,32.70025377,1972-1975,22409.9072265625,936.80874114448
131,4113,MOUNTAIN VIEW NP,Neighborhood Park,14.41868277,"551 S. 40th St., 92113",1289H5,SOUTHEASTERN SAN DIEGO,DEDIC PK/OS--ORD.,Y,Mountain View Neighborhood Park,43.0,0.0,1.0,0.0,0.0,0.0,0.0,0.0,,0.0,0.0,0.0,0.0,1.0,0.0,0.0,0.0,CP2,N,1.0,9,32 42 00.58029N 117 06 24.72312W,-117.10686753,32.70016119,1874-1994,628075.30859375,7001.02382349406
132,4114,VISTA TERRACE NP,Neighborhood Park,8.14228285,"301 Athey Ave., 92173",1350F2,SAN YSIDRO,DEDIC PK/OS--ORD.,Y,Vista Terrace Neighborhood Park,42.0,0.0,1.0,1.0,0.0,0.0,2.0,1.0,,0.0,0.0,0.0,0.0,1.0,0.0,0.0,0.0,CP2,N,1.0,8,32 33 52.02734N 117 03 05.42780W,-117.05150772,32.56445204,1969-1991,354676.426757813,3343.62910534144
133,4115,SAN YSIDRO ATHL AREA LARSEN FIELD,Neighborhood Park,17.08615068,"455 SYCAMORE RD, 92173",1350F5,SAN YSIDRO,SEE L1203 ENTRIES,N,San Ysidro Athletic Area Larsen Field,42.0,0.0,1.0,1.0,0.0,0.0,3.0,3.0,,0.0,0.0,0.0,2.0,0.0,0.0,0.0,0.0,CP2,N,2.0,8,32 32 46.79325N 117 02 44.00378W,-117.0455566,32.54633146,1967-2004,744269.759765625,4606.49037808938
134,4116,CORAL GATE NP,Neighborhood Park,3.00381587,"3279 Anella Rd., 92173",1350F5,SAN YSIDRO,UNKNOWN,N,Coral Gate Neighborhood Park,42.0,0.0,1.0,1.0,0.0,0.0,0.0,0.0,,0.0,0.0,0.0,0.0,0.0,0.0,0.0,0.0,CP2,N,1.0,8,32 32 42.25281N 117 02 59.08827W,-117.04974674,32.54507023,2004,130845.708007813,1459.83560035827
135,4117,32ND ST MP,Mini Park,0.138711,"3145 32ND ST., 92104",1269E7,GREATER NORTH PARK,DEDIC PK/OS--ORD.,Y,32nd Street Mini-Park,41.0,1.0,0.0,0.0,0.0,0.0,0.0,0.0,,0.0,0.0,0.0,0.0,0.0,0.0,0.0,0.0,CP2,N,0.0,3,32 44 17.27918N 117 07 31.11293W,-117.12530915,32.7381331,1952,6042.2275390625,340.11866390044
136,4118,HOLLYWOOD NP,Neighborhood Park,14.33888635,"2301 Shamrock St., 92105",1269H7,MID-CITY: CITY HEIGHTS,DEDIC PK/OS--ORD.,Y,Hollywood Neighborhood Park,41.0,0.0,2.0,0.0,0.0,0.0,1.0,0.0,,0.0,0.0,0.0,0.0,1.0,0.0,0.0,0.0,CP2,N,2.0,9,32 43 54.58555N 117 06 12.97317W,-117.10360366,32.73182932,1917-1978,624599.395507813,7082.64819919223
137,4119,OAK NP,Neighborhood Park,3.48889696,"5235 Maple St. , 92105",1270A7,MID-CITY: EASTERN AREA,DEDIC PK/OS--ORD.,Y,Oak Neighborhood Park,41.0,0.0,1.0,0.0,0.0,0.0,1.0,0.0,,0.0,0.0,0.0,0.0,0.0,0.0,0.0,0.0,CP2,N,1.0,4,32 43 57.17844N 117 04 58.82675W,-117.08300743,32.73254957,1949,151975.744140625,1560.60113981522
138,4120,EMERALD HILLS NP,Neighborhood Park,9.66746282,"1501Kelton Rd. , 92114",1290C2,ENCANTO,DEDIC PK/OS--ORD.,Y,Emerald Hills Neighborhood Park,43.0,0.0,1.0,0.0,0.0,0.0,0.0,0.0,,1.0,2.0,0.0,0.0,1.0,0.0,0.0,0.0,CP2,N,2.0,4,32 43 18.42060N 117 04 24.32144W,-117.07342262,32.7217835,1963-1979,421112.995117188,3512.70662217808
139,4121,CLAY NP,Neighborhood Park,2.40748111,"4768 SEMINOLE DR, 92115",1270D3,MID-CITY: EASTERN AREA,DEDIC PK/OS--ORD.,Y,Clay Neighborhood Park,41.0,0.0,1.0,1.0,0.0,0.0,0.0,0.0,,1.0,0.0,0.0,0.0,0.0,0.0,0.0,0.0,CP2,N,1.0,9,32 45 46.61007N 117 03 36.75774W,-117.06021048,32.76294724,1959-1976,104869.455078125,2243.21325633993
140,4122,ZENA MP,Mini Park,0.06309558,"6458 ZENA DR, 92115",1270D5,MID-CITY: EASTERN AREA,NONE,N,Zena Mini-Park,41.0,0.0,0.0,0.0,0.0,0.0,0.0,0.0,,0.0,0.0,0.0,0.0,0.0,0.0,0.0,0.0,CP2,N,0.0,4,32 44 47.78429N 117 03 28.00152W,-117.0577782,32.74660675,1960,2748.431640625,288.10657464612
141,4123,CABRILLO N MP,Mini Park,0.22732172,"3232 Trumbull Street, 92106",1288B2,PENINSULA,DEDIC PK/OS--ORD.,Y,Cabrillo Mini-Park North,45.0,0.0,0.0,0.0,0.0,0.0,0.0,0.0,,0.0,0.0,0.0,0.0,0.0,0.0,0.0,0.0,CP1,N,0.0,2,32 43 21.95579N 117 14 04.48735W,-117.23457982,32.7227655,1912,9902.09765625,529.44813482275
142,4124,AZALEA NP,Neighborhood Park,8.82905706,"2596 Violet Ave., 92105",1269G7,MID-CITY: CITY HEIGHTS,UNKNOWN,N,Azalea Neighborhood Park,41.0,0.0,1.0,1.0,0.0,0.0,0.0,0.0,,1.0,0.0,0.0,0.0,0.0,0.0,0.0,0.0,CP2,N,1.0,9,32 43 55.66240N 117 06 30.42604W,-117.10845168,32.73212844,1893-2008,384592.188476563,4654.13714547025
143,4125,MONTCLAIR NP,Neighborhood Park,9.14643339,"2786 VANCOUVER AVE, 92104",1269F7,GREATER NORTH PARK,DEDIC PK/OS--ORD.,Y,Montclair Neighborhood Park,41.0,0.0,1.0,0.0,0.0,0.0,0.0,0.0,,0.0,0.0,0.0,0.0,0.0,0.0,0.0,0.0,CP2,N,1.0,3,32 44 06.44640N 117 06 58.99184W,-117.11638662,32.735124,1916-2000,398417.05078125,4440.3570342262
144,4126,LAUREL ST MP,Mini Park,0.16300969,"723 W LAUREL ST, 92101",1288J1,UPTOWN,SEE L1203 ENTRIES,N,Laurel Street Mini-Park,41.0,1.0,0.0,0.0,0.0,0.0,0.0,0.0,,0.0,0.0,0.0,0.0,0.0,0.0,0.0,0.0,CP2,N,0.0,3,32 43 49.95853N 117 10 11.06400W,-117.16974,32.73054404,NA,7100.6748046875,378.57987835299
145,4127,CABRILLO S MP,Mini Park,0.11622762,"1032 Leroy Street, 92106",1288B2,PENINSULA,DEDIC PK/OS--ORD.,Y,Cabrillo Mini-Park South,45.0,0.0,0.0,0.0,0.0,0.0,0.0,0.0,,0.0,0.0,0.0,0.0,0.0,0.0,0.0,0.0,CP1,N,0.0,2,32 43 17.08315N 117 14 05.53482W,-117.23487078,32.72141199,1912,5062.84765625,384.39217727959
146,4128,WABASH NP,Neighborhood Park,0.13111578,"3356 UNIVERSITY AVE, 92104",1269F5,MID-CITY: CITY HEIGHTS,SEE L1203 ENTRIES,Y,Wabash Neighborhood Park,41.0,0.0,0.0,0.0,0.0,0.0,0.0,0.0,,0.0,0.0,0.0,0.0,0.0,0.0,0.0,0.0,CP2,N,0.0,9,32 44 58.58270N 117 07 14.65470W,-117.12073742,32.74960631,1893,5711.3818359375,340.61182291569
147,4129,CENTRAL NP,Neighborhood Park,0.59462782,"4081 POLK AVE, 92105",1269G4,MID-CITY: CITY HEIGHTS,NONE,N,Central Neighborhood Park,41.0,1.0,0.0,0.0,0.0,0.0,0.0,0.0,,0.0,0.0,0.0,0.0,0.0,0.0,0.0,0.0,CP2,N,0.0,9,32 45 05.97818N 117 06 26.98799W,-117.10749666,32.75166061,NA,25901.884765625,800.91715908783
148,4130,WIGHTMAN ST NP,Neighborhood Park,0.97041913,"5028 WIGHTMAN ST, 92105",1270A5,MID-CITY: CITY HEIGHTS,NONE,N,Wightman Street Neighborhood Park,41.0,1.0,0.0,0.0,0.0,0.0,0.0,0.0,,0.0,0.0,0.0,0.0,0.0,0.0,0.0,0.0,CP2,N,0.0,9,32 44 52.08711N 117 05 09.04540W,-117.08584594,32.74780197,2006,42271.2890625,943.89421656734
149,4131,DEL MAR MESA NP,Neighborhood Park,3.71441571,"6622 DUCK POND LN, 92130",1188G7,DEL MAR MESA,SEE L1203 ENTRIES,N,Del Mar Mesa Neighborhood Park,40.0,1.0,0.0,0.0,0.0,0.0,0.0,0.0,,0.0,0.0,0.0,0.0,0.0,0.0,0.0,0.0,CP1,N,0.0,1,32 56 27.20894N 117 10 54.13583W,-117.1817044,32.94089137,2006,161799.3203125,1787.32596605927
150,4132,TWIN TRAILS NP,Neighborhood Park,6.69329697,"8900 Twin Trails Drive, 92129",1189C4,RANCHO PENASQUITOS,DEDIC PK/OS--ORD.,Y,Twin Trails Neighborhood Park,40.0,0.0,1.0,0.0,1.0,0.0,0.0,1.0,,1.0,0.0,1.0,0.0,0.0,0.0,0.0,0.0,CP1,N,1.0,5,32 57 32.17130N 117 08 03.48555W,-117.13430154,32.95893647,1977,291558.84765625,2440.27364054334
151,4133,RIDGEWOOD NP,Neighborhood Park,8.33393951,"12530 LA TORTOLA, 92129",1189F6,RANCHO PE헤SQUITOS,DEDIC PK/OS--ORD.,Y,Ridgewood Neighborhood Park,40.0,0.0,1.0,1.0,0.0,0.0,0.0,1.0,,2.0,0.0,0.0,0.0,0.0,0.0,0.0,0.0,CP1,N,1.0,5,32 56 45.25944N 117 06 59.22375W,-117.11645104,32.9459054,1987,363024.954101563,2682.85239607961
152,4134,PENASQUITOS TOWN CTR NP,Neighborhood Park,1.90877427,"13349 SALMON RIVER RD, 92129",1189E4,RANCHO PE헤SQUITOS,NONE,N,Penasquitos Town Center Neighborhood Park,40.0,0.0,0.0,0.0,0.0,0.0,0.0,0.0,,0.0,0.0,0.0,0.0,0.0,0.0,0.0,0.0,CP1,N,0.0,5,32 57 32.87796N 117 07 17.34772W,-117.12148548,32.95913277,2005,83145.8759765625,1811.0158479247
153,4135,VIEWS WEST NP,Neighborhood Park,19.45276066,"12904 LA TORTOLA, 92129",1189F5,RANCHO PE헤SQUITOS,NONE,N,Views West Neighborhood Park,40.0,0.0,1.0,1.0,0.0,0.0,2.0,1.0,,1.0,0.0,1.0,1.0,1.0,0.0,0.0,0.0,CP1,N,1.0,5,32 57 18.17710N 117 06 57.16832W,-117.11588009,32.95504919,1990,847358.864257813,4172.83899634328
154,4136,SABRE SPRINGS NP,Neighborhood Park,11.73331719,"12953 Sabre Springs Parkway, 92128",1189H5,SABRE SPRINGS,DEDIC PK/OS--ORD.,Y,Sabre Springs Neighborhood Park,40.0,0.0,1.0,0.0,1.0,0.0,1.0,1.0,,0.0,0.0,0.0,0.0,1.0,0.0,0.0,0.0,CP1,N,2.0,5,32 57 03.17079N 117 05 46.65938W,-117.09629427,32.95088078,1990,511101.25390625,3649.85418719388
155,4137,SOUTH CREEK NP,Neighborhood Park,4.63335864,"12245 Wickerbay Cove, 92128",1190A6,SABRE SPRINGS,DEDIC PK/OS--ORD.,Y,South Creek Neighborhood Park,40.0,0.0,1.0,1.0,0.0,0.0,1.0,0.0,,0.0,0.0,0.0,0.0,1.0,0.0,0.0,0.0,CP1,N,1.0,5,32 56 33.99903N 117 04 46.88287W,-117.07968969,32.94277751,1998,201828.278320313,2249.37398344729
156,4138,SAGE CANYON NP,Neighborhood Park,11.5690439,"5252 Harvest Run Drive, 92130",1208D2,CARMEL VALLEY,NONE,N,Sage Canyon Neighborhood Park,40.0,0.0,2.0,2.0,2.0,0.0,0.0,2.0,,5.0,0.0,1.0,0.0,1.0,0.0,0.0,0.0,CP1,N,4.0,1,32 55 35.29377N 117 12 18.38352W,-117.20510653,32.92647049,1998-2000,503945.536132813,3610.37168180017
157,4139,TORREY HILLS NP,Neighborhood Park,14.96102936,"4262 Calle Mejillones, 92130",1208B3,TORREY HILLS,DEDIC PK/OS--ORD.,Y,Torrey Hills Neighborhood Park,40.0,0.0,1.0,1.0,0.0,0.0,2.0,2.0,,1.0,0.0,0.0,2.0,1.0,1.0,0.0,0.0,CP1,N,1.0,1,32 55 04.98448N 117 13 21.97739W,-117.2227715,32.91805124,2001,651699.840820313,3914.63141431944
158,4140,SANDBURG NP,Neighborhood Park,4.78758125,"11170 Avenida del Gato, 92126",1209B2,MIRA MESA,DEDIC PK/OS--ORD.,Y,Sandburg Neighborhood Park,40.0,0.0,1.0,1.0,0.0,0.0,0.0,0.0,,0.0,0.0,0.0,0.0,0.0,0.0,0.0,0.0,CP1,N,1.0,6,32 55 28.59009N 117 08 56.07092W,-117.14890859,32.92460836,1971-1976,208546.202148438,1875.29603039715
159,4141,PENASQUITOS CREEK NP,Neighborhood Park,6.11662456,"8021 Park Village Rd., 92129",1189A7,MIRA MESA,DEDIC PK/OS--ORD.,Y,Penasquitos Creek Neighborhood Park,40.0,0.0,1.0,1.0,0.0,0.0,0.0,1.0,,1.0,0.0,0.0,0.0,0.0,0.0,0.0,0.0,CP1,Y,1.0,6,32 56 22.37341N 117 09 04.92383W,-117.15136773,32.93954817,1987,266439.095703125,2120.8397780476
160,4142,CAMINO RUIZ NP,Neighborhood Park,11.14924794,"11498 Camino Ruiz, 92126",1209B2,MIRA MESA,DEDIC PK/OS--ORD.,Y,Camino Ruiz Neighborhood Park,40.0,0.0,1.0,1.0,1.0,0.0,1.0,1.0,,0.0,0.0,0.0,0.0,1.0,1.0,0.0,0.0,CP1,N,1.0,6,32 56 02.93765N 117 08 48.07888W,-117.14668858,32.93414935,2000,485659.299804688,4786.45483641899
161,4143,MESA VIKING NP,Neighborhood Park,6.63386529,"11278 Westonhill Drive, 92126",1209C2,MIRA MESA,DEDIC PK/OS--ORD.,Y,Mesa Viking Neighborhood Park,40.0,0.0,1.0,0.0,0.0,0.0,0.0,0.0,,1.0,0.0,0.0,0.0,0.0,0.0,0.0,0.0,CP1,N,1.0,6,32 55 31.55224N 117 08 11.26728W,-117.13646313,32.92543118,1973-1978,288970.014648438,2195.08383711353
162,4144,WESTVIEW NP,Neighborhood Park,8.64598944,"11278 Westview Parkway, 92126",1209E2,MIRA MESA,DEDIC PK/OS--ORD.,Y,Westview Neighborhood Park,40.0,0.0,1.0,1.0,0.0,0.0,2.0,2.0,,0.0,0.0,0.0,0.0,1.0,0.0,0.0,0.0,CP1,Y,1.0,6,32 55 23.77844N 117 07 12.66582W,-117.12018495,32.92327179,1989,376617.793945313,2460.30835020257
163,4145,BREEN NP,Neighborhood Park,9.87654467,"11103 Polaris Drive, 92126",1209D2,MIRA MESA,NONE,N,Breen Neighborhood Park,40.0,0.0,1.0,1.0,0.0,0.0,0.0,0.0,,1.0,0.0,0.0,0.0,1.0,0.0,0.0,0.0,CP1,N,2.0,6,32 55 24.54573N 117 07 47.28570W,-117.12980158,32.92348492,1995,430220.563476563,2656.57678008672
164,4146,SEMILLON MP,Mini Park,0.43587258,"12074 SEMILLON BLVD, 92131",1210B3,SCRIPPS MIRAMAR RANCH,UNKNOWN,Y,Semillon Mini-Park,40.0,0.0,0.0,1.0,0.0,0.0,0.0,0.0,,0.0,0.0,0.0,0.0,0.0,0.0,0.0,0.0,MAD,N,1.0,5,32 55 03.74238N 117 04 16.00607W,-117.0711128,32.91770622,1984,18986.53125,661.35719785961
165,4147,SPRING CANYON NP,Neighborhood Park,18.88360949,"11157 SCRIPPS POWAY PKWY, 92131",1189H7,MIRAMAR RANCH NORTH,DEDIC PK/OS--ORD.,Y,Spring Canyon Neighborhood Park,40.0,0.0,1.0,1.0,0.0,0.0,4.0,2.0,,3.0,0.0,1.0,1.0,1.0,0.0,0.0,0.0,CP1,Y,1.0,5,32 56 04.51484N 117 05 36.75286W,-117.09354246,32.93458746,1995,822566.741210938,6027.85720403304
166,4148,CANYON VIEW POCKET MP,Mini Park,1.49894892,"11724 Spring Canyon Rd., 92131",1210B2,MIRAMAR RANCH NORTH,NONE,N,Canyon View Mini-Park,40.0,0.0,0.0,0.0,0.0,0.0,0.0,0.0,,0.0,0.0,0.0,0.0,0.0,0.0,0.0,0.0,CP1,N,0.0,5,32 55 26.57248N 117 04 42.91433W,-117.07858731,32.92404791,1995-2002,65293.955078125,1273.6544367531
167,4149,MIRAMAR RCH NORTH NP,Neighborhood Park,4.46742238,"10459 SCRIPPS POWAY PKWY, 92131",1189G7,SCRIPPS MIRAMAR RANCH,NONE,N,Miramar Ranch North Park,40.0,1.0,0.0,0.0,0.0,0.0,0.0,2.0,,2.0,0.0,0.0,0.0,0.0,0.0,0.0,0.0,CP1,N,0.0,5,32 56 11.95312N 117 06 09.21519W,-117.10255978,32.93665364,2002,194600.137695313,1849.03710859052
168,4150,CYPRESS CANYON NP,Neighborhood Park,12.22582317,"11470 Cypress Canyon Rd., 92131",1210C2,SCRIPPS MIRAMAR RANCH,NONE,N,Cypress Canyon Neighborhood Park,40.0,0.0,1.0,1.0,0.0,0.0,4.0,1.0,,1.0,0.0,0.0,1.0,0.0,0.0,0.0,0.0,CP1,N,1.0,5,32 55 30.36309N 117 03 55.94282W,-117.06553967,32.92510086,1988,532554.721679688,3139.38959436228
169,4151,LOPEZ RIDGE NP,Neighborhood Park,18.24350271,"7245 Calle Cristobal, 92126",1208J3,MIRA MESA,DEDIC PK/OS--ORD.,Y,Lopez Ridge Neighborhood Park,40.0,0.0,1.0,1.0,0.0,0.0,1.0,1.0,,1.0,0.0,0.0,0.0,1.0,0.0,0.0,0.0,CP1,N,1.0,6,32 55 14.59918N 117 10 02.28372W,-117.16730103,32.92072199,1988,794683.80078125,4026.50072651262
170,4152,MADDOX NP,Neighborhood Park,4.82311617,"7793 FLANDERS DR, 92126",1209A5,MIRA MESA,UNKNOWN,Y,Maddox Neighborhood Park,40.0,0.0,1.0,0.0,0.0,0.0,0.0,0.0,,0.0,0.0,0.0,0.0,0.0,0.0,0.0,0.0,CP1,N,1.0,6,32 54 24.09352N 117 09 24.75761W,-117.15687711,32.90669264,1981,210094.094726563,1890.06045705341
171,4153,MESA VERDE NP,Neighborhood Park,4.68484988,"8342 FLANDERS DR, 92126",1209B5,MIRA MESA,DEDIC PK/OS--ORD.,Y,Mesa Verde Neighborhood Park,40.0,0.0,1.0,1.0,0.0,0.0,0.0,0.0,,2.0,0.0,0.0,0.0,0.0,0.0,0.0,0.0,CP1,N,1.0,6,32 54 21.43689N 117 08 38.23037W,-117.14395288,32.90595469,1971,204071.243164063,1842.03945721278
172,4154,AVIARY NP,Neighborhood Park,2.25577862,"9782 Aviary Drive., 92131",1209G5,SCRIPPS MIRAMAR RANCH,DEDIC PK/OS--ORD.,Y,Aviary Neighborhood Park,40.0,0.0,0.0,0.0,0.0,0.0,0.0,0.0,,0.0,0.0,0.0,0.0,0.0,0.0,0.0,0.0,MAD,N,0.0,5,32 54 04.09347N 117 06 09.42013W,-117.1026167,32.90113707,1975,98261.326171875,1303.72114371589
173,4155,FORESTVIEW MP,Mini Park,0.32810809,"11201 Forestview Lane, 92131",1209J3,SCRIPPS MIRAMAR RANCH,DEDIC PK/OS--ORD.,Y,Forrest View Mini-Park,40.0,0.0,1.0,0.0,0.0,0.0,0.0,0.0,,0.0,0.0,0.0,0.0,0.0,0.0,0.0,0.0,MAD,N,1.0,5,32 54 46.16790N 117 05 26.37221W,-117.09065895,32.91282442,1984,14292.3310546875,482.63835249095
174,4156,LAKEVIEW NP,Neighborhood Park,13.19720107,"10788 MIRA LAGO TRL, 92131",1209J3,SCRIPPS MIRAMAR RANCH,UNKNOWN,Y,Lakeview Neighborhood Park,40.0,0.0,2.0,0.0,0.0,0.0,0.0,0.0,,0.0,0.0,0.0,0.0,1.0,0.0,0.0,0.0,MAD,N,1.0,5,32 55 06.20970N 117 05 16.53275W,-117.08792576,32.91839158,1982,574867.779296875,3533.09603382007
175,4157,MIRAMAR OVERLOOK NP,Neighborhood Park,6.09007945,"11417 Scripps Ranch Blvd, 92131",1209G2,MIRAMAR RANCH NORTH,NONE,N,Miramar Overlook Neighborhood Park,40.0,0.0,1.0,0.0,0.0,0.0,0.0,0.0,,0.0,0.0,0.0,0.0,1.0,0.0,0.0,0.0,MAD,N,2.0,5,32 55 13.22932N 117 06 07.98697W,-117.1022186,32.92034148,2005,265282.801757813,3028.19117398857
176,4158,JERABEK NP,Neighborhood Park,9.6829718,"10150 Avenida Magnifica, 92131",1210A4,SCRIPPS MIRAMAR RANCH,DEDIC PK/OS--ORD.,Y,Jerabek Neighborhood Park,40.0,0.0,1.0,0.0,0.0,0.0,2.0,1.0,,1.0,2.0,0.0,0.0,1.0,0.0,0.0,0.0,MAD,N,1.0,5,32 54 39.02370N 117 04 56.22726W,-117.08228535,32.91083992,1979,421788.565429688,2980.01301373476
177,4159,MISSION HILLS NP,Neighborhood Park,11.35388099,"1586 WASHINGTON PL, 92103",1268H5,UPTOWN,DEDIC PK/OS--ORD.,Y,Mission Hills Neighborhood Park,41.0,0.0,1.0,0.0,0.0,0.0,0.0,0.0,,0.0,2.0,0.0,0.0,1.0,0.0,0.0,0.0,DRP,N,0.0,3,32 44 57.86513N 117 10 41.27654W,-117.17813237,32.74940698,1876-1907,494573.079101563,5698.07978817205
178,4160,PARK DE LA CRUZ NP,Neighborhood Park,6.8395642,"3901 Landis St. , 92105",1269G6,MID-CITY: CITY HEIGHTS,SEE L1203 ENTRIES,Y,Park De La Cruz,41.0,0.0,0.0,1.0,0.0,0.0,1.0,0.0,,0.0,0.0,0.0,1.0,1.0,0.0,0.0,0.0,CP2,N,1.0,9,32 44 42.46007N 117 06 39.46990W,-117.11096386,32.7451278,1893-2001,297930.224609375,2255.81711842763
179,4161,SOUTH VILLAGE NP,Neighborhood Park,4.36785744,"9353 Oviedo Street, 92129",1168J6,BLACK MOUNTAIN RANCH,SEE L1203 ENTRIES,N,South Village Neighborhood Park,40.0,0.0,1.0,0.0,0.0,0.0,0.0,1.0,,1.0,0.0,0.0,0.0,1.0,0.0,0.0,0.0,CP1,Y,1.0,5,32 59 41.52900N 117 09 42.24248W,-117.16173402,32.99486917,2005,190263.125976563,2052.65357755037
180,4162,PENASQUITOS VILLAGE NP,Neighborhood Park,12.04830195,"10636 CARMEL MOUNTAIN RD, 92129",1189G3,RANCHO PE헤SQUITOS,DEDIC PK/OS--ORD.,Y,Penasquitos Village Neighborhood Park,40.0,0.0,0.0,0.0,0.0,0.0,0.0,0.0,,0.0,0.0,0.0,0.0,0.0,0.0,0.0,0.0,CP1,N,0.0,5,32 58 04.74673N 117 05 57.66609W,-117.09935169,32.9679852,1979,524821.9375,2908.78927184139
181,4163,ROLLING HILLS NP,Neighborhood Park,5.73346555,"11082 Carlota, 92129",1169H7,RANCHO PE헤SQUITOS,MULTIPLE,Y,Rolling Hills Neighborhood Park,40.0,0.0,1.0,1.0,0.0,0.0,1.0,1.0,,1.0,0.0,0.0,0.0,0.0,0.0,0.0,0.0,CP1,N,1.0,5,32 59 30.18858N 117 05 30.41515W,-117.09178199,32.99171905,1977,249748.759765625,2273.67895048034
182,4164,TORREY DEL MAR NP,Neighborhood Park,4.78780055,"7693 McGonigle Trail , 92130",1188J3,TORREY HIGHLANDS,NONE,N,Torrey Del Mar Neighborhood Park,40.0,0.0,1.0,1.0,0.0,0.0,0.0,0.0,,0.0,0.0,0.0,0.0,1.0,0.0,0.0,0.0,CP1,N,1.0,5,32 58 03.45372N 117 09 40.77379W,-117.16132605,32.96762603,2002-2006,208555.784179688,1993.25567777474
183,4165,TORREY MEADOWS NP,Neighborhood Park,5.34626861,"13516 TORREY MEADOWS DR, 92129",1189A4,RANCHO PE헤SQUITOS,NONE,N,Torrey Meadows Neighborhood Park,40.0,1.0,0.0,0.0,0.0,0.0,0.0,0.0,,0.0,0.0,0.0,0.0,0.0,0.0,0.0,0.0,CP1,N,0.0,5,32 57 52.80160N 117 09 22.85200W,-117.15634778,32.96466711,NA,232882.528320313,2041.1962860968
184,4166,ADOBE BLUFFS NP,Neighborhood Park,5.15370251,"8805 Gainsborough Avenue, 92129",1189C2,RANCHO PE헤SQUITOS,DEDIC PK/OS--ORD.,Y,Adobe Bluffs Neighborhood Park,40.0,0.0,1.0,1.0,0.0,0.0,2.0,1.0,,2.0,0.0,0.0,0.0,0.0,0.0,0.0,0.0,CP1,N,1.0,5,32 58 22.39296N 117 08 22.07896W,-117.13946638,32.97288693,1992,224494.381835938,2082.2120238882
185,4167,HIGHLAND RANCH NP,Neighborhood Park,4.76257182,"12140 Eastbourne Road, 92128",1190A1,CARMEL MOUNTAIN RANCH,SEE L1203 ENTRIES,Y,Highland Ranch Neighborhood Park,40.0,0.0,1.0,1.0,0.0,0.0,1.0,0.0,,0.0,0.0,0.0,0.0,0.0,0.0,0.0,0.0,CP1,N,1.0,5,32 58 56.77084N 117 04 20.49239W,-117.072359,32.98243635,1990,207456.796875,1961.9682868964
186,4168,CREST CYN NP,Neighborhood Park,10.44022159,"2250 Del Mar Heights Road, 92130",1187G6,TORREY PINES,DEDIC PK/OS--ORD.,Y,Crest Canyon Neighborhood Park,40.0,0.0,0.0,0.0,0.0,0.0,0.0,0.0,,0.0,0.0,0.0,0.0,0.0,0.0,0.0,0.0,CP1,N,0.0,1,32 57 01.22769N 117 15 14.47563W,-117.25402101,32.95034103,1963-1977,454774.236328125,2807.55417466139
187,4169,CARMEL DEL MAR NP,Neighborhood Park,12.48529652,"12345 Carmel Park Drive, 92103",1188A7,CARMEL VALLEY,DEDIC PK/OS--ORD.,Y,Carmel Del Mar Neighborhood Park,40.0,0.0,1.0,1.0,1.0,0.0,0.0,1.0,,2.0,0.0,0.0,0.0,1.0,0.0,0.0,0.0,CP1,N,1.0,1,32 56 25.51549N 117 13 40.17507W,-117.22782641,32.94042097,1987,543857.334960938,4777.31607801195
188,4170,SOLANA HIGHLANDS NP,Neighborhood Park,11.81222032,"3520 Long Run Drive, 92130",1187J5,CARMEL VALLEY,DEDIC PK/OS--ORD.,Y,Solana Highlands Neighborhood Park,40.0,0.0,1.0,1.0,0.0,0.0,2.0,1.0,,0.0,0.0,0.0,0.0,0.0,0.0,0.0,0.0,CP1,N,1.0,1,32 57 21.23812N 117 14 20.00606W,-117.23889057,32.95589948,1987,514538.262695313,5832.41735889984
189,4171,CARMEL GROVE NP,Neighborhood Park,2.79180424,"3799 Carmel View Road,",1188A7,CARMEL VALLEY,NONE,N,Carmel Grove Neighborhood Park,40.0,0.0,1.0,0.0,0.0,0.0,0.0,1.0,,0.0,0.0,0.0,0.0,0.0,0.0,0.0,0.0,MAD,N,1.0,1,32 56 30.69578N 117 13 54.16324W,-117.23171201,32.94185994,NA,121610.500976563,1430.72609525061
190,4172,CARMEL VALLEY NP,Neighborhood Park,2.30816072,"4468 CARMEL CENTER RD, 92130",1188B5,CARMEL VALLEY,SEE L1203 ENTRIES,N,Carmel Valley Neighborhood Park,40.0,1.0,0.0,0.0,0.0,0.0,0.0,0.0,,0.0,0.0,0.0,0.0,0.0,0.0,0.0,0.0,CP1,N,0.0,1,32 57 06.45798N 117 13 17.40784W,-117.22150218,32.95179388,NA,100543.078125,1645.94596525861
191,4173,ASHLEY FALLS NP,Neighborhood Park,11.66044156,"13030 Ashley Falls Drive., 92130",1188D4,CARMEL VALLEY,DEDIC PK/OS--ORD.,Y,Ashley Falls Neighborhood Park,40.0,0.0,1.0,2.0,0.0,0.0,2.0,2.0,,3.0,0.0,1.0,0.0,1.0,0.0,0.0,0.0,CP1,N,2.0,1,32 57 26.62117N 117 12 33.20074W,-117.20922243,32.95739477,1997-1998,507926.811523438,3955.56839135422
192,4174,CARMEL CREEK NP,Neighborhood Park,11.4862358,"4260 Carmel Center Road, 92103",1188B5,CARMEL VALLEY,DEDIC PK/OS--ORD.,Y,Carmel Creek Neighborhood Park,40.0,0.0,1.0,1.0,2.0,0.0,0.0,2.0,,3.0,0.0,1.0,0.0,1.0,0.0,0.0,0.0,CP1,N,1.0,1,32 57 06.71737N 117 13 29.72552W,-117.22492376,32.95186593,1990-1991,500338.439453125,3454.93375010516
193,4175,WINDWOOD NP,Neighborhood Park,1.17300982,"12757 CARMEL CREEK RD, 92130",1188B6,CARMEL VALLEY,NONE,N,Windwood Mini-Park,40.0,0.0,1.0,0.0,0.0,0.0,0.0,0.0,,0.0,0.0,0.0,0.0,0.0,0.0,0.0,0.0,MAD,N,1.0,1,32 56 53.87820N 117 13 30.81032W,-117.22522509,32.9482995,1991,51096.1025390625,1045.23220643312
194,4176,CARMEL MISSION NP,Neighborhood Park,4.80000088,"12281 CARMEL COUNTRY RD, 92130",1188B6,CARMEL VALLEY,NONE,N,Carmel Mission Neighborhood Park,40.0,0.0,0.0,0.0,0.0,0.0,0.0,0.0,,0.0,0.0,0.0,0.0,0.0,0.0,0.0,0.0,CP1,N,0.0,1,32 56 51.22486N 117 13 17.80124W,-117.22161146,32.94756246,2002,209087.215820313,2872.5518390622
195,4177,DEL MAR TRAILS NP,Neighborhood Park,2.99971134,"4450 DEL MAR TRAILS RD, 92130",1188B7,CARMEL VALLEY,NONE,N,Del Mar Trails Neighborhood Park,40.0,0.0,1.0,0.0,0.0,0.0,0.0,0.0,,0.0,0.0,0.0,0.0,0.0,0.0,0.0,0.0,CP1,N,1.0,1,32 56 35.23921N 117 13 05.38036W,-117.21816121,32.943122,NA,130666.897460938,1838.55156137439
196,4178,WEISS MANDELL EASTGT NP,Neighborhood Park,9.75420467,"4202 EXECUTIVE DR, 92037",1228C2,UNIVERSITY,DEDIC PK/OS--ORD.,Y,Weiss Mandell Eastgate Neighborhood Park,44.0,0.0,1.0,1.0,0.0,0.0,1.0,1.0,,0.0,0.0,0.0,0.0,1.0,0.0,0.0,0.0,CP1,Y,1.0,1,32 52 32.94431N 117 12 58.39118W,-117.21621977,32.87581786,1959,424891.455078125,3276.1316899847
197,4179,"SCRIPPS, ELLEN B NP",Neighborhood Park,5.26191495,"1146 COAST BLVD, 92037",1227E6,LA JOLLA,DEDIC PK/OS--ORD.,Y,Ellen Browning Scripps Neighborhood Park,0.0,0.0,0.0,0.0,0.0,0.0,0.0,0.0,,0.0,0.0,0.0,0.0,1.0,0.0,0.0,0.0,DRP,N,0.0,1,32 50 59.37268N 117 16 27.69461W,-117.27435961,32.84982574,1887,229208.087890625,2641.20222763935
198,4180,CLIFFRIDGE NP,Neighborhood Park,10.72216642,"8301 CLIFFRIDGE AVE, 92037",1227J5,LA JOLLA,DEDIC PK/OS--ORD.,Y,Cliffridge Neighborhood Park,44.0,0.0,0.0,0.0,3.0,1.0,0.0,1.0,,0.0,0.0,0.0,0.0,1.0,0.0,0.0,0.0,CP1,N,0.0,1,32 51 27.53113N 117 14 39.81510W,-117.24439308,32.85764754,1874,467055.702148438,2897.47824046715
199,4181,LAUREATE/MATA PARK MP,Mini Park,0.48256413,"2219 AVE DE LA PLAYA, 92037",1227H5,LA JOLLA,DEDIC PK/OS--ORD.,Y,Laureate Mini-Park,44.0,0.0,0.0,0.0,0.0,0.0,0.0,0.0,,0.0,0.0,0.0,0.0,0.0,0.0,0.0,0.0,CP1,N,0.0,1,32 51 13.07587N 117 15 18.78232W,-117.25521731,32.85363219,1926-1971,21020.4091796875,612.59283426758
200,4182,VILLA LA JOLLA NP,Neighborhood Park,5.79195782,"8341 VIA MALLORCA, 92037",1228A4,UNIVERSITY,DEDIC PK/OS--ORD.,Y,Villa La Jolla Neighborhood Park,44.0,0.0,1.0,1.0,0.0,0.0,0.0,0.0,,0.0,0.0,0.0,0.0,0.0,0.0,0.0,0.0,CP1,N,1.0,1,32 51 26.63168N 117 14 03.46329W,-117.23429536,32.85739769,1973,252296.669921875,2049.12080162512
201,4183,TUXEDO NP,Neighborhood Park,10.0805059,"6978 Tuxedo Rd., 92119",1250E4,NAVAJO,DEDIC PK/OS--ORD.,Y,Tuxedo Neighborhood Park,45.0,0.0,1.0,1.0,0.0,0.0,0.0,0.0,,1.0,0.0,0.0,0.0,0.0,0.0,0.0,0.0,CP1,N,1.0,7,32 48 36.70731N 117 02 49.97653W,-117.0472157,32.81019647,1980-1981,439105.0703125,3522.10007332265
202,4184,PALISADES NORTH NP,Neighborhood Park,0.64969872,"4937 OCEAN BLVD, 92109",1247G5,PACIFIC BEACH,DEDIC PK/OS--ORD.,Y,Palisades North Neighborhood Park,0.0,1.0,0.0,0.0,0.0,0.0,0.0,0.0,,0.0,0.0,0.0,0.0,0.0,0.0,0.0,0.0,DRP,N,0.0,2,32 48 13.81606N 117 15 36.09860W,-117.26002739,32.80383779,1926,28300.763671875,926.7851215518
203,4185,WESTERN HILLS NP,Neighborhood Park,12.82328963,"4810 Kane Street, 92110",1248F7,CLAIREMONT MESA,DEDIC PK/OS--ORD.,Y,Western Hills Neighborhood Park,44.0,0.0,1.0,0.0,0.0,0.0,0.0,0.0,,1.0,0.0,0.0,0.0,0.0,0.0,0.0,0.0,CP1,N,1.0,2,32 47 11.61855N 117 11 46.58785W,-117.1962744,32.78656071,1976,558580.262695313,3267.494018176
204,4186,CABRILLO HEIGHTS NP,Neighborhood Park,13.77607713,"8308 Hurlbut Street, 92123",1249B4,SERRA MESA,DEDIC PK/OS--ORD.,Y,Cabrillo Heights,45.0,0.0,1.0,0.0,3.0,1.0,2.0,1.0,,0.0,0.0,0.0,1.0,2.0,1.0,0.0,0.0,CP1,N,1.0,7,32 48 20.51390N 117 08 51.60782W,-117.14766884,32.80569831,1947,600083.52734375,4345.03692748519
205,4187,E CLAIREMONT ATHL AREA,Neighborhood Park,9.13068389,"3451 Mt. Acadia Boulevard, 92111",1248G5,CLAIREMONT MESA,DEDIC PK/OS--ORD.,Y,East Clairemont Athletic Area,44.0,0.0,1.0,0.0,1.0,0.0,3.0,0.0,,0.0,0.0,0.0,0.0,1.0,1.0,0.0,0.0,CP1,N,1.0,6,32 48 12.83728N 117 10 59.81571W,-117.18328214,32.80356591,1977,397731.000976563,2852.94877553295
206,4188,MURRAY RIDGE NP,Neighborhood Park,10.69510972,"8651 Celestine Avenue, 92123",1249C7,SERRA MESA,DEDIC PK/OS--ORD.,Y,Murray Ridge Neighborhood Park,45.0,0.0,1.0,0.0,0.0,0.0,0.0,0.0,,1.0,1.0,0.0,0.0,0.0,0.0,0.0,0.0,CP1,N,4.0,7,32 47 24.90835N 117 08 48.79089W,-117.14688636,32.79025232,1976,465877.108398438,3278.45046419664
207,4189,PRINCESS DEL CERRO NP,Neighborhood Park,5.4520431,"6221 WENRICH DR, 92120",1250C6,NAVAJO,DEDIC PK/OS--ORD.,Y,Princess Del Cerro Neighborhood Park,45.0,0.0,1.0,1.0,0.0,0.0,2.0,0.0,,1.0,0.0,0.0,0.0,0.0,0.0,0.0,0.0,CP1,N,1.0,7,32 47 20.65995N 117 04 03.20573W,-117.06755715,32.78907221,1978,237490.04296875,2026.67952498815
208,4190,RHO MISSION CYN NP,Neighborhood Park,18.98605105,"7635 MARGERUM AVE, 92120",1250C4,NAVAJO,DEDIC PK/OS--ORD.,Y,Rancho Mission Canyon Neighborhood Park,45.0,0.0,1.0,0.0,0.0,0.0,0.0,1.0,,0.0,0.0,0.0,0.0,0.0,0.0,0.0,0.0,CP1,N,1.0,7,32 48 24.16214N 117 03 51.75099W,-117.06437528,32.8067117,1976,827029.084960938,3880.21478751511
209,4191,SAN CARLOS POCKET NP,Neighborhood Park,0.41436976,"6599 E LAKE DR, 92119",1251A4,NAVAJO,NONE,N,San Carlos Pocket Park,45.0,0.0,0.0,0.0,0.0,0.0,0.0,0.0,,0.0,0.0,0.0,0.0,0.0,0.0,0.0,0.0,CP1,N,0.0,7,32 48 04.18336N 117 00 23.05155W,-117.00640321,32.80116204,2003,18049.876953125,843.77846830584
210,4192,PACIFIC BEACH NP,Neighborhood Park,10.534702,"4507 OCEAN BLVD, 92109",1247H7,PACIFIC BEACH,DEDIC PK/OS--ORD.,Y,Pacific Beach Park,0.0,0.0,0.0,0.0,0.0,0.0,0.0,0.0,,0.0,0.0,0.0,0.0,1.0,0.0,0.0,0.0,DRP,N,0.0,2,32 47 38.60521N 117 15 22.79015W,-117.2563306,32.794057,1964,458889.778320313,6449.29448968813
211,4193,KELLY STREET NP,Neighborhood Park,17.00176973,"6640 Kelly Street, 92111",1268H1,LINDA VISTA,MULTIPLE,Y,Kelly Street Neighborhood Park,45.0,0.0,1.0,0.0,0.0,0.0,0.0,0.0,,0.0,0.0,0.0,0.0,0.0,0.0,0.0,0.0,CP1,N,1.0,7,32 46 58.15670N 117 10 40.91219W,-117.17803116,32.7828213,1959,740594.126953125,4079.64158659947
212,4194,MISSION HEIGHTS NP,Neighborhood Park,11.25536664,"1716 Westinghouse Street, 92111",1268J2,LINDA VISTA,DEDIC PK/OS--ORD.,Y,Mission Heights Neighborhood Park,45.0,0.0,1.0,1.0,0.0,0.0,1.0,0.0,,0.0,0.0,0.0,0.0,0.0,0.0,0.0,0.0,CP1,N,1.0,7,32 46 30.56146N 117 10 00.96870W,-117.16693575,32.77515596,1974,490281.8203125,3401.64889114829
213,4195,KENSINGTON NP,Neighborhood Park,0.45410315,"4121 Adams Ave., 92116",1269G3,MID-CITY: KENSINGTON-TALM,UNKNOWN,N,Kensington Park,41.0,0.0,1.0,0.0,0.0,0.0,0.0,0.0,,0.0,0.0,0.0,0.0,0.0,0.0,0.0,0.0,CP2,N,1.0,9,32 45 46.81175N 117 06 24.58726W,-117.10682979,32.76300327,NA,19780.658203125,958.49464752889
214,4196,OLD TROLLEY BARN NP,Neighborhood Park,3.58681635,"1900 Adams Ave., 92116",1269C3,UPTOWN,DEDIC PK/OS--ORD.,Y,Old Trolley Barn Neighborhood Park,41.0,0.0,0.0,1.0,0.0,0.0,0.0,0.0,,0.0,0.0,0.0,0.0,0.0,0.0,0.0,0.0,CP2,N,2.0,3,32 45 46.58970N 117 08 37.53490W,-117.1437597,32.76294158,1987,156241.092773438,1897.58868011824
215,4197,NORTH  MTN VIEW MP,Mini Park,0.42479462,"3376 N MOUNTAIN VIEW DR, 92116",1269F2,NORMAL HEIGHTS,DEDIC PK/OS--ORD.,,North Mountain View Mini-Park,41.0,0.0,0.0,0.0,0.0,0.0,0.0,0.0,,0.0,0.0,0.0,0.0,0.0,0.0,0.0,0.0,CP2,N,0.0,3,32 46 12.91362N 117 07 17.95493W,-117.12165415,32.77025378,1988,18503.978515625,601.14390723262
216,4198,CHILDRENS MUSEUM MP,Mini Park,0.49916746,"255 W ISLAND AVE, 92101",1289A4,DOWNTOWN,PARK PER DEED,,Children's Museum Park,45.0,0.0,0.0,0.0,0.0,0.0,0.0,0.0,,0.0,0.0,0.0,0.0,0.0,0.0,0.0,0.0,CP1,N,0.0,3,32 42 36.45173N 117 09 54.51709W,-117.16514364,32.71012548,2009,21743.6474609375,610.30084420317
217,4199,OLIVE ST MP,Mini Park,0.74240102,"2798 3RD AVE, 92103",1269A7,UPTOWN,DESIGNATED PARKLAND,,Olive Street Mini-Park,41.0,1.0,0.0,0.0,0.0,0.0,0.0,0.0,,0.0,0.0,0.0,0.0,0.0,0.0,0.0,0.0,CP2,N,0.0,3,32 44 03.71641N 117 09 45.04337W,-117.16251205,32.73436567,2010,32338.8583984375,878.08228911941
218,4200,CENTRAL AVE MP,Mini Park,0.36839659,"3660 CENTRAL AVE, 92105",1269G6,CITY HEIGHTS,PARK PER DEED,,Central Ave. Mini-Park,41.0,1.0,0.0,0.0,0.0,0.0,0.0,0.0,,0.0,0.0,0.0,0.0,0.0,0.0,0.0,0.0,CP2,N,0.0,9,32 44 42.45544N 117 06 30.70850W,-117.10853014,32.74512651,2007,16047.2900390625,529.190061383
219,4201,CAPEHART OPEN SPACE PARK,Open Space Park,4.16199163,"4700 Soledad Mountain Road, 92109",1248C5,PACIFIC BEACH,SEE L1203 ENTRIES,,Capehart Open Space Park,44.0,0.0,0.0,0.0,0.0,0.0,0.0,0.0,,0.0,0.0,0.0,0.0,0.0,0.0,0.0,0.0,CP1,N,0.0,2,32 48 24.77520N 117 13 32.06305W,-117.22557307,32.806882,NA,181295.625,3070.55017559325
220,4202,OCEAN AIR CP,Community Park,18.63956961,"4770 Fairport Ave, 92130",1188C2,CARMEL VALLEY,DESIGNATED PARKLAND,,Ocean Air Community Park,40.0,0.0,1.0,1.0,0.0,0.0,2.0,2.0,,1.0,0.0,0.0,2.0,1.0,0.0,0.0,0.0,CP1,N,1.0,1,32 55 40.24653N 117 13 01.15231W,-117.21698675,32.92784626,2001-2003,811936.399414063,4782.8806787281
221,4203,HIDDEN TRAILS NP,Neighborhood Park,3.93726519,1049 PARSONS LANDING,1268J5,OCEAN CREST,,,Hidden Trails Neighborhood Park,42.0,0.0,0.0,0.0,0.0,0.0,0.0,0.0,,0.0,0.0,0.0,0.0,0.0,0.0,0.0,0.0,CP2,N,0.0,8,32 34 45.10778N 117 01 11.83451W,-117.01995403,32.5791966,2011,171506.586914063,1652.57922362453
222,4204,CESAR  SOLIS CP,Community Park,15.39303042,"4901 DEL SOL BLVD, 92154",1350J1,OTAY MESA,DESIGNATED PARKLAND,,Pacific Breezes Community Park,42.0,1.0,0.0,0.0,0.0,0.0,0.0,0.0,,0.0,0.0,0.0,0.0,0.0,0.0,0.0,0.0,CP2,N,0.0,8,32 34 13.17638N 117 01 30.98578W,-117.02527383,32.57032677,1964,670517.723632813,4515.38551423065
223,4205,RIVIERA DEL SOL NP,Neighborhood Park,4.89316811,"4524 RIVIERA SHORES ST, 92154",1350G1,OTAY MESA,DESIGNATED PARKLAND,,Riviera Del Sol Neighborhood Park,42.0,1.0,0.0,0.0,0.0,0.0,0.0,0.0,,0.0,0.0,0.0,0.0,0.0,0.0,0.0,0.0,CP2,N,0.0,8,32 34 17.14273N 117 02 12.38844W,-117.03677457,32.57142854,2010,213145.548828125,1930.91508287589
224,4206,SEFTON NP,Neighborhood Park,20.19712813,"2508 HOTEL CIRCLE PL, 92108",1268G4,MISSION VALLEY,DEDICATED PARKLAND,Y,Sefton Field,45.0,0.0,0.0,0.0,5.0,0.0,0.0,0.0,,0.0,0.0,0.0,0.0,0.0,1.0,0.0,0.0,CP1,N,0.0,7,32 45 42.32852N 117 11 30.10750W,-117.19169653,32.76175792,NA,879783.3828125,3903.87253866221
225,4207,STONEBRIDGE NP,Neighborhood Park,8.14885399,15030 Sycamore Trail Rd.,1210H2,RANCHO ENCANTADA,DEDICATED PARKLAND,,Stonebridge Neighborhood Park,40.0,0.0,1.0,1.0,0.0,0.0,2.0,1.0,,0.0,0.0,1.0,0.0,1.0,0.0,0.0,0.0,CP1,N,1.0,5,32 55 27.69923N 117 01 12.43388W,-117.02012052,32.9243609,2009,354962.657226563,2439.28593817049
226,4208,TORREY HIGHLANDS NP,Neighborhood Park,10.17326658,"4450 Lansdale Dr., 92130",1188B4,CARMEL VALLEY,DESIGNATED PARKLAND,,Torrey Highlands Neighborhood Park,40.0,0.0,1.0,0.0,0.0,0.0,0.0,0.0,,0.0,0.0,0.0,0.0,1.0,0.0,0.0,0.0,MAD,N,2.0,1,32 57 37.44145N 117 13 20.06458W,-117.22224016,32.9604004,NA,443145.717773438,5002.28775494621
227,4209,SOUTH CREST TRAILS NP,Neighborhood Park,5.94584029,"3605 BETA ST, 92113",1289G6,SOUTHEASTERN SAN DIEGO,PARK PER DEED,,Southcrest Trails Neighborhood Park,43.0,1.0,1.0,0.0,0.0,0.0,2.0,1.0,,1.0,0.0,0.0,1.0,1.0,1.0,0.0,0.0,CP2,N,0.0,9,32 41 28.66139N 117 06 55.10303W,-117.1153064,32.69129483,2003,258999.76171875,4484.20226896807
228,4210,PETWAY NP,Neighborhood Park,2.72258384,"1367 RIGEL ST, 92113",1289G6,SOUTHEASTERN SAN DIEGO,SEE L1203 ENTRIES,,Petway Dorothy Neighborhood Park,43.0,0.0,1.0,1.0,0.0,0.0,0.0,0.0,,0.0,0.0,0.0,0.0,1.0,0.0,0.0,0.0,CP2,N,1.0,9,32 41 31.32684N 117 07 07.06830W,-117.11863008,32.69203523,2001,118595.283203125,1919.49045145515
229,4211,CARMEL KNOLLLS NP,Neighborhood Park,5.44317986,"4850 Carmel Knolls Dr., 92130",1188D5,CARMEL VALLEY,,,Carmel Knolls Neighborhood Park,40.0,0.0,1.0,1.0,0.0,0.0,0.0,1.0,,0.0,0.0,0.0,0.0,0.0,0.0,0.0,0.0,MAD,N,1.0,1,32 57 01.77986N 117 12 50.50533W,-117.21402926,32.95049441,NA,237103.967773438,2032.17505296813
230,4212,BUTTERFLY MP,Mini Park,3.29053246,"11885 Cypress Canyon Rd., 92131",1189J7,MIRAMAR RANCH NORTH,,,Butterfly Mini-Park,40.0,0.0,0.0,0.0,0.0,0.0,0.0,0.0,,0.0,0.0,0.0,0.0,0.0,0.0,0.0,0.0,MAD,N,0.0,5,32 55 58.04393N 117 05 00.45648W,-117.08346013,32.93278998,2001,143335.022460938,2331.73819698563
231,4213,CARMEL VIEW MP,Mini Park,0.957732,"3764 VALLEY CENTRE DR,92130",1188A7,CARMEL VALLEY,,,Carmel View Mini-Park,40.0,0.0,0.0,0.0,0.0,0.0,0.0,0.0,,0.0,0.0,0.0,0.0,0.0,0.0,0.0,0.0,CP1,N,0.0,1,32 56 16.93974N 117 14 02.35585W,-117.23398774,32.93803882,NA,41718.642578125,1121.37736386133
232,4214,CEDAR RIDGE MP,Mini Park,0.2745025,"1702 Pentuckett Ave., 92104",1289F2,NORTH PARK,,,Cedar Ridge Mini-Park,41.0,0.0,1.0,0.0,0.0,0.0,0.0,0.0,,0.0,0.0,0.0,0.0,0.0,0.0,0.0,0.0,CP2,N,1.0,3,32 43 21.26577N 117 07 06.25036W,-117.11840288,32.72257382,NA,11957.2802734375,490.76826684303
233,4215,DRY CREEK MP,Mini Park,1.12522702,"11369 Scripps Creek Drive,92131",1209J1,MIRAMAR RANCH NORTH,,,Dry Creek Mini-Park,40.0,0.0,0.0,0.0,0.0,0.0,0.0,0.0,,0.0,0.0,0.0,0.0,0.0,0.0,0.0,0.0,CP1,N,0.0,5,32 55 32.14985N 117 05 19.75495W,-117.08882082,32.92559718,NA,49014.6904296875,1471.84051233465
234,4216,OAK GLEN MP,Mini Park,1.40111733,"10775 SPRING CANYON RD, 92131",1209H1,MIRAMAR RANCH NORTH,,,Oak Glen Mini-Park,40.0,0.0,0.0,0.0,0.0,0.0,0.0,0.0,,0.0,0.0,0.0,0.0,0.0,0.0,0.0,0.0,CP1,N,0.0,5,32 55 45.63310N 117 05 46.17287W,-117.09615913,32.92934253,NA,61032.4287109375,1661.21623623988
235,4217,SOLANA RANCH NP,Neighborhood Park,5.76164027,"13597 PACIFIC HIGHLANDS PKWY, 92130",1188F3,MIRAMAR RANCH NORTH,,,Solana Ranch Neighborhood Park,40.0,0.0,0.0,0.0,0.0,0.0,0.0,0.0,,0.0,0.0,0.0,0.0,0.0,0.0,0.0,0.0,CP1,N,0.0,1,32 58 00.69747N 117 11 29.58076W,-117.19155021,32.96686041,NA,250976.043945313,2589.43303899295
236,4218,PALISADES SOUTH NP,Neighborhood Park,0.50508378,"4918 OCEAN BLVD, 92109",1247G5,PACIFIC BEACH,,,Palisades South Neighborhood Park,0.0,0.0,0.0,0.0,0.0,0.0,0.0,0.0,,0.0,0.0,0.0,0.0,1.0,0.0,0.0,0.0,DRP,N,0.0,2,32 48 08.56468N 117 15 34.38842W,-117.25955234,32.80237908,,22001.361328125,1024.23331755992
237,4219,PENASQUITOS SKATE PARK,Neighborhood Park,0.69587417,"10129 CARMEL MOUNTAIN RD, 92129",1189J1,RANCHO PE헤SQUITOS,,,Penasquitos Skate Park,40.0,0.0,0.0,0.0,0.0,0.0,0.0,0.0,,0.0,0.0,0.0,0.0,0.0,0.0,0.0,0.0,CP1,N,0.0,5,32 57 37.56271N 117 06 35.11676W,-117.10975466,32.96043409,NA,30312.1591796875,723.40759026157
238,4220,SILVER TERRACE MP,Mini Park,1.57891359,"5500 Friars Road, 92110",1269D1,MORENA,,,Silver Terrace Mini-Park,45.0,0.0,1.0,1.0,0.0,0.0,0.0,0.0,,0.0,0.0,0.0,0.0,0.0,0.0,0.0,0.0,CP1,N,1.0,2,32 45 53.15511N 117 11 30.54013W,-117.1918167,32.76476531,NA,68777.201171875,1113.49974565189
239,4221,SUNRIDGE VISTA MP,Mini Park,3.33441631,"10305 Azuaga, 92129",1189F4,RANCHO PE헤SQUITOS,,,Sunridge Vista Mini-Park,40.0,0.0,1.0,1.0,0.0,0.0,0.0,0.0,,0.0,0.0,0.0,0.0,0.0,0.0,0.0,0.0,CP1,N,1.0,5,32 57 35.20327N 117 06 17.86596W,-117.10496277,32.95977869,1989,145246.591796875,1796.51797701871
240,4222,TERALTA NP,Neighborhood Park,5.09640761,"4100 Central Ave., 92105",1269G4,TERALTA WEST,,,Teralta Neigborhood Park,41.0,0.0,1.0,0.0,0.0,0.0,0.0,1.0,,0.0,0.0,0.0,0.0,1.0,0.0,0.0,0.0,CP2,N,1.0,9,32 45 08.15990N 117 06 31.46134W,-117.10873926,32.75226664,NA,221998.626953125,2025.77892352798
241,4223,ANTIGUA POCKET NP,Neighborhood Park,5.41265493,"5699 Antigua Blvd., 92124",1229G7,TIERRASANTA,,,Antigua Pocket Park,45.0,0.0,0.0,0.0,0.0,0.0,0.0,0.0,,0.0,0.0,0.0,0.0,0.0,0.0,0.0,0.0,CP1,N,0.0,7,32 49 59.66702N 117 06 19.59322W,-117.10544256,32.83324084,NA,235774.3046875,3267.38560579538
242,4224,BRIGHTON NP,Neighborhood Park,1.69635718,"2172 Spray Street., 92107",1267J5,OCEAN BEACH,,,Brighton Park,0.0,0.0,0.0,0.0,0.0,0.0,0.0,0.0,,0.0,0.0,0.0,0.0,1.0,0.0,0.0,0.0,DRP,N,0.0,2,32 45 12.34922N 117 15 03.82148W,-117.25106152,32.75343034,NA,73893.0234375,2364.30055087057
243,4225,W LEWIS ST MP,Mini Park,0.21995779,"792 W LEWIS ST, 92103",1268J5,MISSION HILLS,,,West Lewis Mini-Park,41.0,0.0,0.0,0.0,0.0,0.0,0.0,0.0,,0.0,0.0,0.0,0.0,0.0,0.0,0.0,0.0,CP2,N,0.0,3,32 45 06.61672N 117 10 14.55112W,-117.17070865,32.75183798,NA,9581.3251953125,999.55040088114
244,4226,W MAPLE CANYON MP,Mini Park,0.23998372,"250 W MAPLE ST, 92103",1288J1,PARK WEST,,,West Maple Canyon Mini-Park,41.0,1.0,0.0,0.0,0.0,0.0,0.0,0.0,,0.0,0.0,0.0,0.0,0.0,0.0,0.0,0.0,CP2,N,0.0,3,32 43 57.40505N 117 09 55.77366W,-117.16549268,32.73261251,NA,10453.6494140625,588.25660933064
245,4227,NORTH PARK MP,Mini Park,0.51883669,"2874 N PARK WAY, 92104",1269E5,NORTH PARK,,,North Park Mini-Park,41.0,0.0,0.0,0.0,0.0,0.0,0.0,0.0,,0.0,0.0,0.0,1.0,0.0,0.0,0.0,0.0,CP2,N,0.0,3,32 44 51.41622N 117 07 53.30549W,-117.13147375,32.74761562,NA,22600.4345703125,673.09774453004
246,4228,CORRIDOR NP,Neighborhood Park,3.59415751,"4004 DEL MAR TRAILS RD, 92130",1188B7,CARMEL VALLEY,,,Corridor Neighborhood Park,40.0,0.0,0.0,0.0,0.0,0.0,0.0,0.0,,0.0,0.0,0.0,0.0,0.0,0.0,0.0,0.0,CP1,N,0.0,1,32 56 36.07778N 117 13 35.70286W,-117.22658413,32.94335494,NA,156560.869140625,3783.73001226999
247,4229,CORTE PLAYA SAN JUAN MP,Mini Park,0.11312395,"5111 Corte Playa San Juan, 92124",1230A7,TIERRASANTA,,,Corte Playa San Juan Mini-Park,45.0,0.0,0.0,0.0,0.0,0.0,0.0,0.0,,0.0,0.0,0.0,0.0,0.0,0.0,0.0,0.0,CP1,N,0.0,7,32 50 10.48098N 117 04 54.64542W,-117.08184595,32.83624472,NA,4927.6591796875,396.8996015577
248,4230,CUVIER MP,Mini Park,0.61052286,"528 COAST BLVD, 92037",1227E6,LA JOLLA,,,Cuiver Park,0.0,0.0,0.0,0.0,0.0,0.0,0.0,0.0,,0.0,0.0,0.0,0.0,0.0,0.0,0.0,0.0,DRP,N,0.0,1,32 50 37.12853N 117 16 47.89733W,-117.27997148,32.84364681,NA,26594.271484375,1556.28805324689
249,4231,CYPRESS VALLEY MP,Mini Park,1.03691797,"11871 Stonedale Ct., 92131",1210A2,MIRAMAR RANCH NORTH,,,Cypress Valley Mini-Park,40.0,0.0,1.0,0.0,0.0,0.0,0.0,0.0,,0.0,0.0,0.0,0.0,0.0,0.0,0.0,0.0,CP1,N,0.0,5,32 55 25.45845N 117 04 28.83103W,-117.07467528,32.92373846,1984,45167.9638671875,896.98604316088
250,4232,OCEAN BEACH ATHLETIC AREA ROBB FIELD,Regional Park,61.6629069,"2525 Bacon Street, 92107",1267J5,OCEAN BEACH,,,Ocean Beach Athletic Area Robb Field,45.0,0.0,1.0,0.0,7.0,0.0,1.0,6.0,,2.0,12.0,1.0,1.0,3.0,1.0,0.0,0.0,CP1,N,1.0,2,32 45 15.04821N 117 14 28.80838W,-117.24133566,32.75418006,NA,2686025.48339844,7815.90020494039
251,4233,HOYT NP,Neighborhood Park,3.13788446,"10805 CANYON LAKE DR, 92131",1209G4,SCRIPPS MIRAMAR RANCH,,,Hoyt Neighborhood Park,40.0,0.0,1.0,0.0,0.0,0.0,0.0,0.0,,0.0,0.0,0.0,0.0,0.0,0.0,0.0,0.0,MAD,N,0.0,5,32 54 18.46259N 117 05 58.16318W,-117.09948977,32.9051285,NA,136685.700195313,1752.24286184115
252,4234,MISSION BAY ATHLETIC AREA,Regional Park,10.74430481,"2697 GRAND AVE, 92109",1248A6,PACIFIC BEACH,,,Mission Bay Athletic Area,44.0,0.0,1.0,0.0,3.0,0.0,1.0,0.0,,1.0,8.0,0.0,1.0,1.0,0.0,0.0,0.0,CP1,N,1.0,2,32 48 03.61728N 117 13 13.52279W,-117.220423,32.8010048,NA,468020.043945313,2736.261884954
253,4235,PEARLMAN MP,Mini Park,0.32183315,"5404 Carmel Knolls Dr., 92130",1188D5,CARMEL VALLEY,,,Pearlman Mini-Park,40.0,0.0,1.0,0.0,0.0,0.0,0.0,0.0,,0.0,0.0,0.0,0.0,0.0,0.0,0.0,0.0,CP1,N,2.0,1,32 57 15.84455N 117 12 19.75455W,-117.20548738,32.95440126,NA,14018.99609375,476.5502613
254,4236,SARATOGA  NP,Neighborhood Park,1.25110089,"5151 SARATOGA AVE, 92107",1267J6,OCEAN BEACH,,,Saratoga Park,0.0,0.0,0.0,0.0,0.0,0.0,0.0,0.0,,0.0,0.0,0.0,0.0,0.0,0.0,0.0,0.0,DRP,N,0.0,2,32 45 00.55053N 117 15 07.90083W,-117.25219468,32.75015292,NA,54497.736328125,1225.99266881283
255,4237,SOLEDAD NATURAL PARK,Neighborhood Park,118.53689717,"7016 SOLEDAD PARK RD, 92037",1227J7,LA JOLLA,,,Soledad Natural Open Space Park,44.0,0.0,0.0,0.0,0.0,0.0,0.0,0.0,,0.0,0.0,0.0,0.0,0.0,0.0,0.0,0.0,CP1,N,0.0,1,32 50 26.94736N 117 14 38.63319W,-117.24406477,32.84081871,1874-1974,5163446.58691406,9610.73102534383
256,4238,TWEET ST MP,Mini Park,0.4693771,"1696 8TH AVE, 92101",1289B1,CORTEZ,,,Tweet Street Mini-Park,45.0,0.0,0.0,1.0,0.0,0.0,0.0,0.0,,0.0,0.0,0.0,0.0,0.0,0.0,0.0,0.0,CP1,N,0.0,3,32 43 23.20155N 117 09 25.47466W,-117.15707629,32.72311154,NA,20445.9873046875,1101.2445646734
257,4239,VAIL CREEK NP,Neighborhood Park,1.24799587,"5116 CARMEL KNOLLS DR, 92130",1188D5,CARMEL VALLEY,,,Vail Creek Neighborhood Park,40.0,0.0,0.0,0.0,0.0,0.0,0.0,0.0,,0.0,0.0,0.0,0.0,0.0,0.0,0.0,0.0,CP1,N,0.0,1,32 56 56.88499N 117 12 19.17241W,-117.20532567,32.94913472,NA,54362.482421875,1482.50094641932
258,4240,VIA PLAYA LOS SANTOS MP,Mini Park,0.44782655,"5112 Via Playa Los Santos, 92124",1230A7,TIERRASANTA,,,Via Playa Los Santos Mini-Park,45.0,0.0,0.0,0.0,0.0,0.0,0.0,0.0,,0.0,0.0,0.0,0.0,0.0,0.0,0.0,0.0,CP1,N,0.0,7,32 50 11.32528N 117 04 43.55134W,-117.07876426,32.83647925,NA,19507.2470703125,835.49980016632
259,4241,WALLS OF EXCELLENCE MP,Mini Park,0.10963396,"4932 IMPERIAL AVE, 92102",1290A4,LINCOLN PARK,,,Walls of Excellence Mini-Park,43.0,0.0,0.0,0.0,0.0,0.0,0.0,0.0,,0.0,0.0,0.0,0.0,0.0,0.0,0.0,0.0,CP2,N,0.0,4,32 42 15.76158N 117 05 18.28285W,-117.0884119,32.70437822,1975,4775.63671875,270.83975404823
260,4242,EAST GATE MP #1,Mini Park,0.8049439,"9639 TOWNE CENTRE DR, 92121",1228C1,UNIVERSITY CITY,,,East Gate Mini-Park #1,44.0,0.0,0.0,0.0,0.0,0.0,0.0,0.0,,0.0,0.0,0.0,0.0,0.0,0.0,0.0,0.0,MAD,N,0.0,1,32 53 00.24251N 117 12 28.15004W,-117.20781946,32.8834007,1874,35063.2177734375,1635.6595181748
261,4243,G ST MP,Mini Park,0.09995058,"302 G ST , 92101",1289A3,HORTON PLAZA,,,G Street Mini-Park,45.0,0.0,0.0,0.0,0.0,0.0,0.0,0.0,,0.0,0.0,0.0,0.0,0.0,0.0,0.0,0.0,CP1,N,0.0,3,32 42 46.05285N 117 09 42.90897W,-117.16191916,32.71279246,NA,4353.8291015625,302.6541682677
262,4244,DUSTY RHODES NP,Neighborhood Park,20.49832015,"2500 SUNSET CLIFFS BLVD,92107",1268A5,OCEAN BEACH,,,Dusty Rhodes Neighborhood Park,45.0,0.0,1.0,1.0,0.0,0.0,0.0,1.0,,0.0,0.0,0.0,0.0,1.0,0.0,0.0,0.0,CP1,N,1.0,2,32 45 07.74742N 117 14 19.94587W,-117.23887385,32.75215206,NA,892903.25390625,4342.4350720684
263,4245,EAST GATE MP #2,Mini Park,0.48891368,"9825 TOWNE CENTRE DR, 92121",1228C1,UNIVERSITY CITY,,,East Gate Mini-Park #2,44.0,0.0,0.0,0.0,0.0,0.0,0.0,0.0,,0.0,0.0,0.0,0.0,0.0,0.0,0.0,0.0,MAD,N,0.0,1,32 53 09.45062N 117 12 45.35683W,-117.21259912,32.88595851,NA,21296.9951171875,865.21531195264
264,4246,GRANTVILLE NP,Neighborhood Park,2.51501236,"4645 VANDEVER AVE, 92120",1249J7,NAVAJO,DEDIC PK/OS--ORD.,Y,Grantville Neighborhood Park,45.0,0.0,3.0,0.0,0.0,0.0,0.0,0.0,,0.0,0.0,0.0,0.0,0.0,0.0,0.0,0.0,CP1,N,2.0,7,32 47 14.22610N 117 05 41.70873W,-117.09491909,32.78728503,1975,109553.499023438,1487.97046062877
265,4247,WINTERWOOD LANE NP,Neighborhood Park,4.33445965,"7540 WINTERWOOD LN, 92126",1209A4,MIRA MESA,DEDIC PK/OS--ORD.,Y,Winterwood Lane Neighborhood Park,40.0,0.0,1.0,1.0,0.0,0.0,0.0,0.0,,0.0,0.0,0.0,0.0,0.0,0.0,0.0,0.0,CP1,N,1.0,6,32 54 52.29094N 117 09 36.06700W,-117.16001861,32.91452526,NA,188808.310546875,2564.23415545927
266,4248,MCAULIFFE SHARON CP,Community Park,15.57467977,"7540 WINTERWOOD LN, 92126",1209A4,MIRA MESA,NONE,N,McAuliffe Community Park,40.0,1.0,0.0,0.0,0.0,0.0,0.0,0.0,,0.0,0.0,0.0,0.0,0.0,0.0,0.0,0.0,CP1,N,0.0,6,32 54 44.10684N 117 09 38.05511W,-117.16057086,32.9122519,1977-1990,678430.33203125,6161.98110157605
267,4249,MCCAIN & CARTER MP,Mini Park,0.34289426,"3032 39TH ST, 92105",1269H5,MID-CITY: CITY HEIGHTS,DEDICATED PARKLAND,Y,Virgie Hazel McCain and William Henry Carter Mini-Park,41.0,0.0,1.0,0.0,0.0,0.0,0.0,0.0,,0.0,0.0,0.0,0.0,0.0,0.0,0.0,0.0,CP2,N,1.0,9,32 44 14.06229N 117 06 37.44723W,-117.11040201,32.73723953,1970,14936.4130859375,496.01864205721
268,4250,NEIGHBORHOOD 8 NP,Neighborhood Park,19.75406297,"11900 Carmel Creek RD,92130",1188C2,CARMEL VALLEY,,,Neighborhood 8 Neighborhood Park,40.0,1.0,0.0,0.0,0.0,0.0,0.0,0.0,,0.0,0.0,0.0,0.0,0.0,0.0,0.0,0.0,CP1,N,0.0,1,32 56 10.30491N 117 13 21.56175W,-117.22265604,32.93619581,NA,860483.55078125,3935.84393948972
269,4251,CENTRUM NP,Neighborhood Park,2.16294263,8650 SPECTRUM CENTER BLVD,1292C2,KEARNY MESA,,,Centrum Park,45.0,0.0,1.0,1.0,0.0,0.0,0.0,0.0,,0.0,0.0,0.0,0.0,0.0,0.0,0.0,0.0,CP1,N,1.0,6,32 49 39.88925N 117 08 20.79241W,-117.139109,32.82774701,2013,94217.404296875,1228.58332025362
270,4252,WARD CANYON NP,Neighborhood Park,5.79301399,"4642 40TH ST, 92116",1269G3,MID-CITY: NORMAL HEIGHTS,,,Ward Canyon Neighborhood Park,41.0,0.0,1.0,1.0,0.0,0.0,0.0,0.0,,0.0,0.0,0.0,0.0,0.0,0.0,0.0,0.0,CP2,N,1.0,3,32 45 43.53641N 117 06 37.96661W,-117.11054628,32.76209345,1948-2006,252342.678710938,2510.94661806045
271,4253,GOLDEN HILL CP,Community Park,6.31569085,2600 Golf Course Dr. 92102,1289D2,BALBOA PARK,,,Golden Hill Community Park,41.0,0.0,1.0,0.0,0.0,0.0,2.0,1.0,,2.0,0.0,0.0,1.0,1.0,0.0,0.0,0.0,CP2,N,1.0,3,32 43 13.02691N 117 08 13.26797W,-117.13701888,32.72028525,NA,275110.396484375,2329.24814730412
272,4254,CHILDRENS PARK,Mini Park,1.94017884,"155 W ISLAND AVE, 92101",1289A4,DOWNTOWN,,,Children's Park,45.0,0.0,1.0,0.0,0.0,0.0,0.0,0.0,,0.0,0.0,0.0,0.0,0.0,0.0,0.0,0.0,CP1,N,0.0,3,32 42 35.33431N 117 09 51.46038W,-117.16429455,32.70981509,NA,84513.8505859375,1686.76602763265
273,4255,IMPERIAL MARKET PLACE,Open Space Park,11.77245985,"4475 Imperial Ave, 92113",1290A4,ENCANTO,,,Imperial Marketplace,43.0,0.0,0.0,0.0,0.0,0.0,0.0,0.0,,0.0,0.0,0.0,0.0,0.0,0.0,0.0,0.0,CP2,N,0.0,4,32 42 07.04510N 117 06 00.95028W,-117.10026397,32.70195697,NA,512806.298828125,5537.25679299917
274,4256,BEYER CP,Community Park,43.81085033,"2300 E. Beyer Blvd., 92173",1350H3,SAN YSIDRO,NONE,N,Beyer Community Park,42.0,1.0,0.0,0.0,0.0,0.0,0.0,0.0,,0.0,0.0,0.0,0.0,0.0,0.0,0.0,0.0,CP2,N,0.0,8,32 33 22.63027N 117 02 09.67877W,-117.03602188,32.55628619,1967-2001,1908393.00878906,5983.4458597736
275,4257,CHEROKEE POINT NP,Neighborhood Park,1.43039151,"3901 Landis St. , 92105",1269G6,MID-CITY: CITY HEIGHTS,DEDIC PK/OS--ORD.,,Cherokee Point Neighborhood Park,41.0,0.0,1.0,1.0,0.0,0.0,0.0,0.0,,0.0,0.0,0.0,0.0,0.0,0.0,0.0,0.0,CP2,N,1.0,9,32 44 47.84101N 117 06 44.16243W,-117.11226734,32.7466225,NA,62307.6044921875,1115.86564701474
276,4258,SYCAMORE CANYON NP,Neighborhood Park,7.80051406,,,RANCHO ENCANTADA,,,Sycamore Canyon Neighborhood Park,,0.0,,,,,,,,,,,,,,,,,N,,5,,-117.03923465,32.9217711,1999-2014,339789.038085938,2422.17055359579
277,4259,MORLEY GREEN MP,Mini Park,1.69623148,,,LINDA VISTA,,,Morley Green Mini Park,,0.0,,,,,,,,,,,,,,,,,,,7,,-117.17133252,32.78491625,NA,73877.2880859375,2207.57040045252
278,4260,EDWARD TYLER CRAMER NP,Neighborhood Park,2.10816188,,,LINDA VISTA,,,Edward Tyler Cramer Neighborhood Park,,0.0,,,,,,,,,,,,,,,,,,,2,,-117.18451637,32.77095252,NA,91814.0732421875,1501.39623592073
279,4261,CANON STREET MP,Mini Park,0.81948016,,,PENINSULA,,,Canon Street Mini-Park,,1.0,,,,,,,,,,,,,,,,,,,2,,-117.23591508,32.72450252,NA,35696.4130859375,1002.73010889155
280,4262,COAST VIEW MP,Mini Park,1.59226641,,,TORREY HILLS,,,Coast View Mini-Park,,0.0,,,,,,,,,,,,,,,,,,,1,,-117.22498713,32.91082885,NA,69322.896484375,1419.8711325457
281,4263,SAN YSIDRO MP,Mini Park,0.35492208,,,SAN YSIDRO,,,San Ysidro Mini-Park,,1.0,,,,,,,,,,,,,,,,,,,8,,-117.04712072,32.55374993,NA,15460.341796875,501.47597660888
282,4264,PASATIEMPO NP,Neighborhood Park,10.68589208,,,NAVAJO,,,Pasatiempo Neighborhood Park,,1.0,,,,,,,,,,,,,,,,,,,7,,-117.05850538,32.791235,1966,465475.594726563,2918.49268605395
283,4265,BEDLOW NP,Neighborhood Park,2.89439129,,,NAVAJO,,,Bedlow Neighborhood Park,,1.0,,,,,,,,,,,,,,,,,,,7,,-117.04852199,32.81171301,NA,126079.1796875,1541.78009540506
284,4266,FAIRBROOK NP,Neighborhood Park,3.40925925,,,SCRIPPS MIRAMAR RANCH,,N,Fairbrook Neighborhood Park,,,,,,,,,,,,,,,,,,CP1,N,,5,,-117.07245504,32.90552221,2015,148506.73828125,1620.47228689286
