Activity_name,Activity_url,Activity_price,Activity_Location"""Picture Perfect, Point, Click and Shoot""",https://apm.activecommunities.com/sdparkandrec/Activity_Search/picture-perfect-point-click-and-shoot/38536,$149.00 (Standard charge),"3777 Townsgate Dr
San Diego, CA, US 92130"10 and under Baseball,https://apm.activecommunities.com/sdparkandrec/Activity_Search/10-and-under-baseball/38189,Free,10 and Under Baseball,https://apm.activecommunities.com/sdparkandrec/Activity_Search/10-and-under-baseball/39621,$20.00 (Standard charge),10U Baseball,https://apm.activecommunities.com/sdparkandrec/Activity_Search/10u-baseball/40640,$8.00 (Standard charge),10u Summer Basketball,https://apm.activecommunities.com/sdparkandrec/Activity_Search/10u-summer-basketball/38157,$25.00 (Standard charge),"3170 Armstrong St
San Diego, CA, US 92111"12 & Under Baseball,https://apm.activecommunities.com/sdparkandrec/Activity_Search/12-under-baseball/41116,$25.00 (Standard charge),"6508 Wunderlin Ave
San Diego, CA, US 92114"12 & Under Softball,https://apm.activecommunities.com/sdparkandrec/Activity_Search/12-under-softball/39329,$25.00 (Standard charge),"6508 Wunderlin Ave
San Diego, CA, US 92114"12 & Under Volleyball,https://apm.activecommunities.com/sdparkandrec/Activity_Search/12-under-volleyball/37311,Free,12 & Under Volleyball Park de la Cruz,https://apm.activecommunities.com/sdparkandrec/Activity_Search/12-under-volleyball-park-de-la-cruz/24889,Free,12 and under Baseball,https://apm.activecommunities.com/sdparkandrec/Activity_Search/12-and-under-baseball/38190,Free,12 and Under Baseball,https://apm.activecommunities.com/sdparkandrec/Activity_Search/12-and-under-baseball/39622,$20.00 (Standard charge),12U Baseball,https://apm.activecommunities.com/sdparkandrec/Activity_Search/12u-baseball/40641,$8.00 (Standard charge),"5319 Orange Ave
San Diego, CA, US 92115"12U Softball,https://apm.activecommunities.com/sdparkandrec/Activity_Search/12u-softball/40642,$8.00 (Standard charge),14 & Under Volleyball,https://apm.activecommunities.com/sdparkandrec/Activity_Search/14-under-volleyball/37312,Free,14 & Under Volleyball,https://apm.activecommunities.com/sdparkandrec/Activity_Search/14-under-volleyball/24887,Free,15 & Under Baseball,https://apm.activecommunities.com/sdparkandrec/Activity_Search/15-under-baseball/41117,$25.00 (Standard charge),"6508 Wunderlin Ave
San Diego, CA, US 92114"15 & Under Softball,https://apm.activecommunities.com/sdparkandrec/Activity_Search/15-under-softball/39328,$25.00 (Standard charge),"6508 Wunderlin Ave
San Diego, CA, US 92114"15 and under Baseball,https://apm.activecommunities.com/sdparkandrec/Activity_Search/15-and-under-baseball/38191,Free,15u Softball,https://apm.activecommunities.com/sdparkandrec/Activity_Search/15u-softball/39581,$10.00 (Standard charge),15U Softball,https://apm.activecommunities.com/sdparkandrec/Activity_Search/15u-softball/40645,$8.00 (Standard charge),16 & Under Volleyball,https://apm.activecommunities.com/sdparkandrec/Activity_Search/16-under-volleyball/38350,Free,19 & Under Futsal,https://apm.activecommunities.com/sdparkandrec/Activity_Search/19-under-futsal/37308,Free,"3911 Landis St
San Diego, CA, US 92105"A Fresh Start - Yoga for Better Health,https://apm.activecommunities.com/sdparkandrec/Activity_Search/a-fresh-start-yoga-for-better-health/39511,$25.00 (Standard charge),"10440 Black Mt Rd
San Diego, CA, US 92126"A Fresh Start - Yoga for Better Health,https://apm.activecommunities.com/sdparkandrec/Activity_Search/a-fresh-start-yoga-for-better-health/39512,$25.00 (Standard charge),"10440 Black Mt Rd
San Diego, CA, US 92126"A Fresh Start - Yoga for Better Health,https://apm.activecommunities.com/sdparkandrec/Activity_Search/a-fresh-start-yoga-for-better-health/39513,$25.00 (Standard charge),"10440 Black Mt Rd
San Diego, CA, US 92126"A Novel Idea - Read Along Book Club,https://apm.activecommunities.com/sdparkandrec/Activity_Search/a-novel-idea-read-along-book-club/39950,Free,A part of ART,https://apm.activecommunities.com/sdparkandrec/Activity_Search/a-part-of-art/40595,$10.00 (Standard charge),"1885 Coronado Ave
San Diego, CA, US 92154"Adaptive Sports- Handcycling,https://apm.activecommunities.com/sdparkandrec/Activity_Search/adaptive-sports-handcycling/39059,$25.00 (Standard charge),Adaptive Yoga,https://apm.activecommunities.com/sdparkandrec/Activity_Search/adaptive-yoga/38537,,"3777 Townsgate Dr
San Diego, CA, US 92130"Adult 7v7 Soccer,https://apm.activecommunities.com/sdparkandrec/Activity_Search/adult-7v7-soccer/37078,$200.00 (Standard charge),Adult Boxfit Session I,https://apm.activecommunities.com/sdparkandrec/Activity_Search/adult-boxfit-session-i/38123,$10.00 (Standard charge),"3737 Arey Dr
San Diego, CA, US 92154"Adult Boxfit Session II,https://apm.activecommunities.com/sdparkandrec/Activity_Search/adult-boxfit-session-ii/38124,$10.00 (Standard charge),"3737 Arey Dr
San Diego, CA, US 92154"Adult Boxfit Session III,https://apm.activecommunities.com/sdparkandrec/Activity_Search/adult-boxfit-session-iii/38125,$10.00 (Standard charge),"3737 Arey Dr
San Diego, CA, US 92154"Adult Ceramic,https://apm.activecommunities.com/sdparkandrec/Activity_Search/adult-ceramic/37745,Free,Adult Ceramics,https://apm.activecommunities.com/sdparkandrec/Activity_Search/adult-ceramics/34957,Free,"1885 Coronado Ave
San Diego, CA, US 92154"Adult Ceramics,https://apm.activecommunities.com/sdparkandrec/Activity_Search/adult-ceramics/37086,Free,"1885 Coronado Ave
San Diego, CA, US 92154"Adult Fitness,https://apm.activecommunities.com/sdparkandrec/Activity_Search/adult-fitness/39485,Free,"4044 Idaho St
San Diego, CA, US 92104"Adult Futsal,https://apm.activecommunities.com/sdparkandrec/Activity_Search/adult-futsal/37870,Free(Standard charge),"3020 Coronado Ave
San Diego, CA, US 92154"Adult Karate And Self Defense,https://apm.activecommunities.com/sdparkandrec/Activity_Search/adult-karate-and-self-defense/37848,$125.00 (Standard charge),"8175 Regents Rd
San Diego, CA, US 92122"Adult Karate And Self Defense,https://apm.activecommunities.com/sdparkandrec/Activity_Search/adult-karate-and-self-defense/37835,$125.00 (Standard charge),"8175 Regents Rd
San Diego, CA, US 92122"Adult Karate And Self Defense,https://apm.activecommunities.com/sdparkandrec/Activity_Search/adult-karate-and-self-defense/37836,$80.00 (Standard charge),"8175 Regents Rd
San Diego, CA, US 92122"Adult Karate And Self Defense,https://apm.activecommunities.com/sdparkandrec/Activity_Search/adult-karate-and-self-defense/37837,$80.00 (Standard charge),"8175 Regents Rd
San Diego, CA, US 92122"Adult Karate And Self Defense,https://apm.activecommunities.com/sdparkandrec/Activity_Search/adult-karate-and-self-defense/37838,$80.00 (Standard charge),"8175 Regents Rd
San Diego, CA, US 92122"Adult Karate And Self Defense,https://apm.activecommunities.com/sdparkandrec/Activity_Search/adult-karate-and-self-defense/37839,$80.00 (Standard charge),"8175 Regents Rd
San Diego, CA, US 92122"Adult Karate And Self Defense,https://apm.activecommunities.com/sdparkandrec/Activity_Search/adult-karate-and-self-defense/35523,$125.00 (Standard charge),"8175 Regents Rd
San Diego, CA, US 92122"Adult Karate And Self Defense,https://apm.activecommunities.com/sdparkandrec/Activity_Search/adult-karate-and-self-defense/35530,$80.00 (Standard charge),"8175 Regents Rd
San Diego, CA, US 92122"Adult Karate And Self Defense,https://apm.activecommunities.com/sdparkandrec/Activity_Search/adult-karate-and-self-defense/35531,$80.00 (Standard charge),"8175 Regents Rd
San Diego, CA, US 92122"Adult Pickleball - Beginners,https://apm.activecommunities.com/sdparkandrec/Activity_Search/adult-pickleball-beginners/37575,$20.00 (Standard charge),"11454 Blue Cypress Dr
San Diego, CA, US 92131"Adult Pickleball - Intermediate,https://apm.activecommunities.com/sdparkandrec/Activity_Search/adult-pickleball-intermediate/37576,$20.00 (Standard charge),"11454 Blue Cypress Dr
San Diego, CA, US 92131"Adult Pilates - June 5:30pm,https://apm.activecommunities.com/sdparkandrec/Activity_Search/adult-pilates-june-5-30pm/39484,,"4044 Idaho St
San Diego, CA, US 92104"Adult Pottery & Clay Sculpture,https://apm.activecommunities.com/sdparkandrec/Activity_Search/adult-pottery-clay-sculpture/38450,$75.00 (Standard charge),"4726 Santa Monica Ave
San Diego, CA, US 92107"Adult Pottery & Clay Sculpture,https://apm.activecommunities.com/sdparkandrec/Activity_Search/adult-pottery-clay-sculpture/38451,$75.00 (Standard charge),"4726 Santa Monica Ave
San Diego, CA, US 92107"Adult Pottery & Clay Sculpture,https://apm.activecommunities.com/sdparkandrec/Activity_Search/adult-pottery-clay-sculpture/38452,$75.00 (Standard charge),"4726 Santa Monica Ave
San Diego, CA, US 92107"Adult Pottery & Clay Sculpture (1 Day a week),https://apm.activecommunities.com/sdparkandrec/Activity_Search/adult-pottery-clay-sculpture-1-day-a-week/39515,$38.00 (Standard charge),"4726 Santa Monica Ave
San Diego, CA, US 92107"Adult Pottery & Clay Sculpture (1 Day a week),https://apm.activecommunities.com/sdparkandrec/Activity_Search/adult-pottery-clay-sculpture-1-day-a-week/39516,$38.00 (Standard charge),"4726 Santa Monica Ave
San Diego, CA, US 92107"Adult Pottery & Clay Sculpture (1 Day a week),https://apm.activecommunities.com/sdparkandrec/Activity_Search/adult-pottery-clay-sculpture-1-day-a-week/39517,$38.00 (Standard charge),"4726 Santa Monica Ave
San Diego, CA, US 92107"Adult Tennis,https://apm.activecommunities.com/sdparkandrec/Activity_Search/adult-tennis/38668,$80.00 (Standard charge),"1405 Diamond St
San Diego, CA, US 92109"Adult Tennis,https://apm.activecommunities.com/sdparkandrec/Activity_Search/adult-tennis/38669,$80.00 (Standard charge),"1405 Diamond St
San Diego, CA, US 92109"Adult Tennis,https://apm.activecommunities.com/sdparkandrec/Activity_Search/adult-tennis/38670,$80.00 (Standard charge),"1405 Diamond St
San Diego, CA, US 92109"Adult Tennis,https://apm.activecommunities.com/sdparkandrec/Activity_Search/adult-tennis/38671,$80.00 (Standard charge),"1405 Diamond St
San Diego, CA, US 92109"Adult Tennis,https://apm.activecommunities.com/sdparkandrec/Activity_Search/adult-tennis/38672,$80.00 (Standard charge),"1405 Diamond St
San Diego, CA, US 92109"Adult Tennis,https://apm.activecommunities.com/sdparkandrec/Activity_Search/adult-tennis/38673,$80.00 (Standard charge),"1405 Diamond St
San Diego, CA, US 92109"Adult Volleyball,https://apm.activecommunities.com/sdparkandrec/Activity_Search/adult-volleyball/39486,Free,"4044 Idaho St
San Diego, CA, US 92104"Adult Volleyball,https://apm.activecommunities.com/sdparkandrec/Activity_Search/adult-volleyball/39587,Free,"2902 Marcy Ave
San Diego, CA, US 92113"Adult Volleyball Clinic,https://apm.activecommunities.com/sdparkandrec/Activity_Search/adult-volleyball-clinic/36263,$50.00 (Standard charge),"1405 Diamond St
San Diego, CA, US 92109"Adult Volleyball Clinic,https://apm.activecommunities.com/sdparkandrec/Activity_Search/adult-volleyball-clinic/38711,$50.00 (Standard charge),"1405 Diamond St
San Diego, CA, US 92109"Adult Volleyball Clinic,https://apm.activecommunities.com/sdparkandrec/Activity_Search/adult-volleyball-clinic/38712,$50.00 (Standard charge),"1405 Diamond St
San Diego, CA, US 92109"Adult Volleyball Clinic,https://apm.activecommunities.com/sdparkandrec/Activity_Search/adult-volleyball-clinic/38713,$50.00 (Standard charge),"1405 Diamond St
San Diego, CA, US 92109"Adult Work Out,https://apm.activecommunities.com/sdparkandrec/Activity_Search/adult-work-out/37755,Free,Adult Yoga,https://apm.activecommunities.com/sdparkandrec/Activity_Search/adult-yoga/37751,Free,"8285 Skyline Dr
-117.026223
San Diego, CA, US 92114"Adult Yoga-Sunday,https://apm.activecommunities.com/sdparkandrec/Activity_Search/adult-yoga-sunday/39379,Free,Advanced Dance,https://apm.activecommunities.com/sdparkandrec/Activity_Search/advanced-dance/38940,$20.00 (Standard charge),"179 Diza Rd
San Diego, CA, US 92173"Advanced Dance,https://apm.activecommunities.com/sdparkandrec/Activity_Search/advanced-dance/38941,$20.00 (Standard charge),"179 Diza Rd
San Diego, CA, US 92173"Advanced Dance,https://apm.activecommunities.com/sdparkandrec/Activity_Search/advanced-dance/38938,$20.00 (Standard charge),"179 Diza Rd
San Diego, CA, US 92173"Aerobic Steps,https://apm.activecommunities.com/sdparkandrec/Activity_Search/aerobic-steps/38181,Free,"4380 Landis St
San Diego, CA, US 92105"Aerobics,https://apm.activecommunities.com/sdparkandrec/Activity_Search/aerobics/38182,Free,"4302 Landis St
San Diego, CA, US 92105"Aerobics,https://apm.activecommunities.com/sdparkandrec/Activity_Search/aerobics/38680,$7.00 (Standard charge),Aerobics,https://apm.activecommunities.com/sdparkandrec/Activity_Search/aerobics/38681,$7.00 (Standard charge),Aerobics,https://apm.activecommunities.com/sdparkandrec/Activity_Search/aerobics/38682,$7.00 (Standard charge),Aerobics,https://apm.activecommunities.com/sdparkandrec/Activity_Search/aerobics/36387,Free,"4302 Landis St
San Diego, CA, US 92105"Aerobics - June,https://apm.activecommunities.com/sdparkandrec/Activity_Search/aerobics-june/40729,$6.00 (Standard charge),"2902 Marcy Ave
San Diego, CA, US 92113"After School Activites,https://apm.activecommunities.com/sdparkandrec/Activity_Search/after-school-activites/35156,Free,"2555 Dusk Dr
San Diego, CA, US 92139"After School Activites,https://apm.activecommunities.com/sdparkandrec/Activity_Search/after-school-activites/38364,Free,"2555 Dusk Dr
San Diego, CA, US 92139"After School Baseball Club,https://apm.activecommunities.com/sdparkandrec/Activity_Search/after-school-baseball-club/38365,Free,Afternoon Antics,https://apm.activecommunities.com/sdparkandrec/Activity_Search/afternoon-antics/38462,$25.00 (Standard charge),Afternoon Antics,https://apm.activecommunities.com/sdparkandrec/Activity_Search/afternoon-antics/38463,$15.00 (Standard charge),Afternoon Antics,https://apm.activecommunities.com/sdparkandrec/Activity_Search/afternoon-antics/38464,$25.00 (Standard charge),Afternoon Antics,https://apm.activecommunities.com/sdparkandrec/Activity_Search/afternoon-antics/38465,$25.00 (Standard charge),Afternoon Antics,https://apm.activecommunities.com/sdparkandrec/Activity_Search/afternoon-antics/38466,$25.00 (Standard charge),Afternoon Antics,https://apm.activecommunities.com/sdparkandrec/Activity_Search/afternoon-antics/38467,$25.00 (Standard charge),Afternoon Antics,https://apm.activecommunities.com/sdparkandrec/Activity_Search/afternoon-antics/38468,$25.00 (Standard charge),Afternoon Antics,https://apm.activecommunities.com/sdparkandrec/Activity_Search/afternoon-antics/38469,$25.00 (Standard charge),Afternoon Antics,https://apm.activecommunities.com/sdparkandrec/Activity_Search/afternoon-antics/38470,$25.00 (Standard charge),Aikido,https://apm.activecommunities.com/sdparkandrec/Activity_Search/aikido/38255,$120.00 (Standard charge),"3585 Governor Dr
San Diego, CA, US 92122"Aikido,https://apm.activecommunities.com/sdparkandrec/Activity_Search/aikido/38256,$120.00 (Standard charge),"3585 Governor Dr
San Diego, CA, US 92122"Aikido - Advanced,https://apm.activecommunities.com/sdparkandrec/Activity_Search/aikido-advanced/38258,$120.00 (Standard charge),"3585 Governor Dr
San Diego, CA, US 92122"Aikido - Beginners,https://apm.activecommunities.com/sdparkandrec/Activity_Search/aikido-beginners/38257,$120.00 (Standard charge),"3585 Governor Dr
San Diego, CA, US 92122"Aikido - Mixed Level,https://apm.activecommunities.com/sdparkandrec/Activity_Search/aikido-mixed-level/38259,$120.00 (Standard charge),"3585 Governor Dr
San Diego, CA, US 92122"Art & Crafts,https://apm.activecommunities.com/sdparkandrec/Activity_Search/art-crafts/39290,Free,"6401 Skyline Dr
San Diego, CA, US 92114"Youth Baseball/Softball Clinic,https://apm.activecommunities.com/sdparkandrec/Activity_Search/youth-baseball-softball-clinic/40863,Free,Youth Basketball Clinic,https://apm.activecommunities.com/sdparkandrec/Activity_Search/youth-basketball-clinic/40001,$35.00 (Standard charge),"615 Prospect St
San Diego, CA, US 92037"Youth Basketball League,https://apm.activecommunities.com/sdparkandrec/Activity_Search/youth-basketball-league/37907,$50.00 (Standard charge),"615 Prospect St
San Diego, CA, US 92037"Youth Basketball League,https://apm.activecommunities.com/sdparkandrec/Activity_Search/youth-basketball-league/37908,$50.00 (Standard charge),"615 Prospect St
San Diego, CA, US 92037"Youth Boxing,https://apm.activecommunities.com/sdparkandrec/Activity_Search/youth-boxing/41088,Free,"4149 Newton Ave
San Diego, CA, US 92113"Youth Ceramics,https://apm.activecommunities.com/sdparkandrec/Activity_Search/youth-ceramics/37744,Free,Youth Ceramics,https://apm.activecommunities.com/sdparkandrec/Activity_Search/youth-ceramics/39170,Free(Standard charge),Youth Flag Football League 10 and Under,https://apm.activecommunities.com/sdparkandrec/Activity_Search/youth-flag-football-league-10-and-under/38881,$55.00 (Standard charge),"1008 Santa Clara Pl
San Diego, CA, US 92109"Youth Flag Football League 12 and Under,https://apm.activecommunities.com/sdparkandrec/Activity_Search/youth-flag-football-league-12-and-under/38882,$55.00 (Standard charge),"1008 Santa Clara Pl
San Diego, CA, US 92109"Youth Foot Golf,https://apm.activecommunities.com/sdparkandrec/Activity_Search/youth-foot-golf/39589,$5.00 (Standard charge),Youth Futsal,https://apm.activecommunities.com/sdparkandrec/Activity_Search/youth-futsal/37868,$12.00 (Standard charge),"3020 Coronado Ave
San Diego, CA, US 92154"Youth Futsal (Indoor Soccer),https://apm.activecommunities.com/sdparkandrec/Activity_Search/youth-futsal-indoor-soccer/39287,$15.00 (Standard charge),Youth Futsal (Indoor Soccer),https://apm.activecommunities.com/sdparkandrec/Activity_Search/youth-futsal-indoor-soccer/39289,$15.00 (Standard charge),Youth Soccer- 10u,https://apm.activecommunities.com/sdparkandrec/Activity_Search/youth-soccer-10u/36188,$30.00 (Standard charge),"3170 Armstrong St
San Diego, CA, US 92111"Youth Soccer- 12u,https://apm.activecommunities.com/sdparkandrec/Activity_Search/youth-soccer-12u/36189,$30.00 (Standard charge),"3170 Armstrong St
San Diego, CA, US 92111"Youth Softball Girls 13 to 15 yrs.,https://apm.activecommunities.com/sdparkandrec/Activity_Search/youth-softball-girls-13-to-15-yrs/39989,Free,"330 32nd St
San Diego, CA, US 92102"Youth Tennis,https://apm.activecommunities.com/sdparkandrec/Activity_Search/youth-tennis/38674,$60.00 (Standard charge),"1405 Diamond St
San Diego, CA, US 92109"Youth Tennis,https://apm.activecommunities.com/sdparkandrec/Activity_Search/youth-tennis/38675,$60.00 (Standard charge),"1405 Diamond St
San Diego, CA, US 92109"Youth Tennis,https://apm.activecommunities.com/sdparkandrec/Activity_Search/youth-tennis/38676,$60.00 (Standard charge),"1405 Diamond St
San Diego, CA, US 92109"Youth Tennis 11-17 Years,https://apm.activecommunities.com/sdparkandrec/Activity_Search/youth-tennis-11-17-years/39171,$20.00 (Standard charge),"5319 Orange Ave
San Diego, CA, US 92115"Youth Tennis 11-17 Years,https://apm.activecommunities.com/sdparkandrec/Activity_Search/youth-tennis-11-17-years/39172,$20.00 (Standard charge),Youth tennis 11-17 Years,https://apm.activecommunities.com/sdparkandrec/Activity_Search/youth-tennis-11-17-years/39173,$20.00 (Standard charge),"5319 Orange Ave
San Diego, CA, US 92115"Youth Tennis 5 - 7 Years,https://apm.activecommunities.com/sdparkandrec/Activity_Search/youth-tennis-5-7-years/39174,$20.00 (Standard charge),"5319 Orange Ave
San Diego, CA, US 92115"Youth Tennis 5 - 7 Years,https://apm.activecommunities.com/sdparkandrec/Activity_Search/youth-tennis-5-7-years/39175,$20.00 (Standard charge),"5319 Orange Ave
San Diego, CA, US 92115"Youth Tennis 5-7 Years,https://apm.activecommunities.com/sdparkandrec/Activity_Search/youth-tennis-5-7-years/39176,$20.00 (Standard charge),"5319 Orange Ave
San Diego, CA, US 92115"Youth Tennis 8 - 10 Years,https://apm.activecommunities.com/sdparkandrec/Activity_Search/youth-tennis-8-10-years/39177,$20.00 (Standard charge),"5319 Orange Ave
San Diego, CA, US 92115"Youth Tennis 8 -10 Years,https://apm.activecommunities.com/sdparkandrec/Activity_Search/youth-tennis-8-10-years/39178,$20.00 (Standard charge),"5319 Orange Ave
San Diego, CA, US 92115"Youth Tennis 8 -10 Years,https://apm.activecommunities.com/sdparkandrec/Activity_Search/youth-tennis-8-10-years/41142,$20.00 (Standard charge),"5319 Orange Ave
San Diego, CA, US 92115"Youth Tennis 8-10 Years,https://apm.activecommunities.com/sdparkandrec/Activity_Search/youth-tennis-8-10-years/39179,$20.00 (Standard charge),Youth Volleyball 14U,https://apm.activecommunities.com/sdparkandrec/Activity_Search/youth-volleyball-14u/38159,$13.00 (Standard charge),Youth Volleyball Clinic,https://apm.activecommunities.com/sdparkandrec/Activity_Search/youth-volleyball-clinic/40473,$50.00 (Standard charge),"1405 Diamond St
San Diego, CA, US 92109"Youth Volleyball Skill Class 12 and under,https://apm.activecommunities.com/sdparkandrec/Activity_Search/youth-volleyball-skill-class-12-and-under/39351,$35.00 (Standard charge),"4421 Bannock Ave
San Diego, CA, US 92117"Youth Volleyball Skill Class 15 and under,https://apm.activecommunities.com/sdparkandrec/Activity_Search/youth-volleyball-skill-class-15-and-under/39352,Recreation Council Fee: $35.00 for Individual,Yummy Creations,https://apm.activecommunities.com/sdparkandrec/Activity_Search/yummy-creations/39296,Free,"6401 Skyline Dr
San Diego, CA, US 92114"Yummy Creations,https://apm.activecommunities.com/sdparkandrec/Activity_Search/yummy-creations/37244,Free,"6401 Skyline Dr
San Diego, CA, US 92114"Zumba,https://apm.activecommunities.com/sdparkandrec/Activity_Search/zumba/37869,Free,"3020 Coronado Ave
San Diego, CA, US 92154"Zumba,https://apm.activecommunities.com/sdparkandrec/Activity_Search/zumba/40322,Free,"7064 Levant St
San Diego, CA, US 92111"Zumba,https://apm.activecommunities.com/sdparkandrec/Activity_Search/zumba/40832,$12.00 (Standard charge),"641 South Boundary St
San Diego, CA, US 92113"Zumba,https://apm.activecommunities.com/sdparkandrec/Activity_Search/zumba/40840,$12.00 (Standard charge),"641 South Boundary St
San Diego, CA, US 92113"Zumba,https://apm.activecommunities.com/sdparkandrec/Activity_Search/zumba/40841,$12.00 (Standard charge),"641 South Boundary St
San Diego, CA, US 92113"Zumba Combo,https://apm.activecommunities.com/sdparkandrec/Activity_Search/zumba-combo/34988,Free,"1885 Coronado Ave
San Diego, CA, US 92154"Zumba Combo,https://apm.activecommunities.com/sdparkandrec/Activity_Search/zumba-combo/37135,Free,"1885 Coronado Ave
San Diego, CA, US 92154"Volleyball 16U,https://apm.activecommunities.com/sdparkandrec/Activity_Search/volleyball-16u/35261,$10.00 (Standard charge),"455 Sycamore Rd
San Diego, CA, US 92173"Volleyball Class,https://apm.activecommunities.com/sdparkandrec/Activity_Search/volleyball-class/38391,$12.00 (Standard charge),Volleyball Class,https://apm.activecommunities.com/sdparkandrec/Activity_Search/volleyball-class/38392,$12.00 (Standard charge),Volleyball Class,https://apm.activecommunities.com/sdparkandrec/Activity_Search/volleyball-class/38393,$12.00 (Standard charge),Volleyball Fundamentals Camp - Session 1,https://apm.activecommunities.com/sdparkandrec/Activity_Search/volleyball-fundamentals-camp-session-1/37237,$35.00 (Standard charge),"5155 Greenbrier Ave
San Diego, CA, US 92120"Volleyball Fundamentals Camp - Session 2,https://apm.activecommunities.com/sdparkandrec/Activity_Search/volleyball-fundamentals-camp-session-2/37238,$35.00 (Standard charge),"5155 Greenbrier Ave
San Diego, CA, US 92120"Volleyball League 12 & Under,https://apm.activecommunities.com/sdparkandrec/Activity_Search/volleyball-league-12-under/37171,$8.00 (Standard charge),"641 South Boundary St
San Diego, CA, US 92113"Volleyball League 14 & Under,https://apm.activecommunities.com/sdparkandrec/Activity_Search/volleyball-league-14-under/36859,$25.00 (Standard charge),"6508 Wunderlin Ave
San Diego, CA, US 92114"Volleyball League 14 & Under,https://apm.activecommunities.com/sdparkandrec/Activity_Search/volleyball-league-14-under/36843,Free(Standard charge),"1035 South 45th St
San Diego, CA, US 92113"Volleyball League 14 & Under,https://apm.activecommunities.com/sdparkandrec/Activity_Search/volleyball-league-14-under/37172,$8.00 (Standard charge),"641 South Boundary St
San Diego, CA, US 92113"Volleyball League 16 & Under,https://apm.activecommunities.com/sdparkandrec/Activity_Search/volleyball-league-16-under/37173,$8.00 (Standard charge),"641 South Boundary St
San Diego, CA, US 92113"Volleyball League 16 & Under,https://apm.activecommunities.com/sdparkandrec/Activity_Search/volleyball-league-16-under/36842,$7.50 (Standard charge),"1035 South 45th St
San Diego, CA, US 92113"Volleyball League 16 & Under,https://apm.activecommunities.com/sdparkandrec/Activity_Search/volleyball-league-16-under/36860,$25.00 (Standard charge),"6508 Wunderlin Ave
San Diego, CA, US 92114"Volleyball Skills Clinic,https://apm.activecommunities.com/sdparkandrec/Activity_Search/volleyball-skills-clinic/39235,$20.00 (Standard charge),Volleyball U12,https://apm.activecommunities.com/sdparkandrec/Activity_Search/volleyball-u12/35662,$10.00 (Standard charge),"179 Diza Rd
San Diego, CA, US 92173"Volleyball U14,https://apm.activecommunities.com/sdparkandrec/Activity_Search/volleyball-u14/35665,$10.00 (Standard charge),"179 Diza Rd
San Diego, CA, US 92173"Volleyball U16,https://apm.activecommunities.com/sdparkandrec/Activity_Search/volleyball-u16/35666,$10.00 (Standard charge),"179 Diza Rd
San Diego, CA, US 92173"Vovinam,https://apm.activecommunities.com/sdparkandrec/Activity_Search/vovinam/40321,Free,"7064 Levant St
San Diego, CA, US 92111"Water Polo,https://apm.activecommunities.com/sdparkandrec/Activity_Search/water-polo/40872,$27.00 (Standard charge),Water Wonders Day Camp,https://apm.activecommunities.com/sdparkandrec/Activity_Search/water-wonders-day-camp/38141,$40.00 (Standard charge),"4380 Landis St
San Diego, CA, US 92105"Weight Room,https://apm.activecommunities.com/sdparkandrec/Activity_Search/weight-room/40323,Free,"7064 Levant St
San Diego, CA, US 92111"Weird Science,https://apm.activecommunities.com/sdparkandrec/Activity_Search/weird-science/38441,$30.00 (Standard charge),"8175 Regents Rd
San Diego, CA, US 92122"Wildlife Explorers,https://apm.activecommunities.com/sdparkandrec/Activity_Search/wildlife-explorers/39631,Free,"1885 Coronado Ave
San Diego, CA, US 92154"Women Basketball New Teams,https://apm.activecommunities.com/sdparkandrec/Activity_Search/women-basketball-new-teams/37717,$325.00 (Standard charge),"4421 Bannock Ave
San Diego, CA, US 92117"Women Basketball Returning Teams,https://apm.activecommunities.com/sdparkandrec/Activity_Search/women-basketball-returning-teams/37718,$275.00 (Standard charge),"4421 Bannock Ave
San Diego, CA, US 92117"Women's Self-Defense Techniques,https://apm.activecommunities.com/sdparkandrec/Activity_Search/women-s-self-defense-techniques/39578,$25.00 (Standard charge),"8810 Judicial Dr
San Diego, CA, US 92122"Women's Self-Defense Techniques,https://apm.activecommunities.com/sdparkandrec/Activity_Search/women-s-self-defense-techniques/39579,$25.00 (Standard charge),"8810 Judicial Dr
San Diego, CA, US 92122"Women's Softball League,https://apm.activecommunities.com/sdparkandrec/Activity_Search/women-s-softball-league/35050,$495.00 (Standard charge),Women's Softball League,https://apm.activecommunities.com/sdparkandrec/Activity_Search/women-s-softball-league/40571,$495.00 (Standard charge),Wood Carvers,https://apm.activecommunities.com/sdparkandrec/Activity_Search/wood-carvers/36076,Free,"1008 Santa Clara Pl
San Diego, CA, US 92109"Ya Zoom Cardio Conditioning -Aerobics,https://apm.activecommunities.com/sdparkandrec/Activity_Search/ya-zoom-cardio-conditioning-aerobics/39295,Free,"6401 Skyline Dr
San Diego, CA, US 92114"Ya Zoom Cardio Conditioning -Aerobics,https://apm.activecommunities.com/sdparkandrec/Activity_Search/ya-zoom-cardio-conditioning-aerobics/37243,Free,"6401 Skyline Dr
San Diego, CA, US 92114"Yoga,https://apm.activecommunities.com/sdparkandrec/Activity_Search/yoga/38658,Free,"12350 Black Mountain Rd
San Diego, CA, US 92129"Yoga,https://apm.activecommunities.com/sdparkandrec/Activity_Search/yoga/40240,Free,Yoga,https://apm.activecommunities.com/sdparkandrec/Activity_Search/yoga/41193,Free,Yoga & Meditation,https://apm.activecommunities.com/sdparkandrec/Activity_Search/yoga-meditation/40842,$12.00 (Standard charge),"641 South Boundary St
San Diego, CA, US 92113"Yoga & Meditation,https://apm.activecommunities.com/sdparkandrec/Activity_Search/yoga-meditation/40843,$12.00 (Standard charge),"641 South Boundary St
San Diego, CA, US 92113"Yoga & Meditation,https://apm.activecommunities.com/sdparkandrec/Activity_Search/yoga-meditation/40844,$12.00 (Standard charge),"641 South Boundary St
San Diego, CA, US 92113"Yoga - Gentle Yoga,https://apm.activecommunities.com/sdparkandrec/Activity_Search/yoga-gentle-yoga/37219,$33.00 (Standard charge),"11220 Clairemont Mesa Blvd
San Diego, CA, US 92124"Yoga For All - Monday 6:30PM,https://apm.activecommunities.com/sdparkandrec/Activity_Search/yoga-for-all-monday-6-30pm/38577,$60.00 (Standard charge),"3777 Townsgate Dr
San Diego, CA, US 92130"Yoga For All - Monday AM,https://apm.activecommunities.com/sdparkandrec/Activity_Search/yoga-for-all-monday-am/36151,$60.00 (Standard charge),"3777 Townsgate Dr
San Diego, CA, US 92130"Yoga For All - Thursday 6:30PM,https://apm.activecommunities.com/sdparkandrec/Activity_Search/yoga-for-all-thursday-6-30pm/38578,$60.00 (Standard charge),"3777 Townsgate Dr
San Diego, CA, US 92130"Yoga For All - Thursday PM,https://apm.activecommunities.com/sdparkandrec/Activity_Search/yoga-for-all-thursday-pm/36155,$80.00 (Standard charge),"3777 Townsgate Dr
San Diego, CA, US 92130"Yoga Sport - Monday PM,https://apm.activecommunities.com/sdparkandrec/Activity_Search/yoga-sport-monday-pm/36153,$60.00 (Standard charge),"3777 Townsgate Dr
San Diego, CA, US 92130"Yoga Sport Friday,https://apm.activecommunities.com/sdparkandrec/Activity_Search/yoga-sport-friday/36157,$80.00 (Standard charge),"3777 Townsgate Dr
San Diego, CA, US 92130"Young Engineers Bricks Challenge Summer Camp,https://apm.activecommunities.com/sdparkandrec/Activity_Search/young-engineers-bricks-challenge-summer-camp/37887,$165.00 (Standard charge),"10440 Black Mt Rd
San Diego, CA, US 92126"Young Engineers Bricks Challenge Summer Camp,https://apm.activecommunities.com/sdparkandrec/Activity_Search/young-engineers-bricks-challenge-summer-camp/37888,$165.00 (Standard charge),"10440 Black Mt Rd
San Diego, CA, US 92126"Young Engineers Bricks Challenge Summer Camp,https://apm.activecommunities.com/sdparkandrec/Activity_Search/young-engineers-bricks-challenge-summer-camp/37889,$165.00 (Standard charge),"10440 Black Mt Rd
San Diego, CA, US 92126"Young Engineers Bricks Challenge Summer Camp,https://apm.activecommunities.com/sdparkandrec/Activity_Search/young-engineers-bricks-challenge-summer-camp/37890,$160.00 (Standard charge),"10440 Black Mt Rd
San Diego, CA, US 92126"Young Engineers Bricks Challenge Summer Camp,https://apm.activecommunities.com/sdparkandrec/Activity_Search/young-engineers-bricks-challenge-summer-camp/37891,$320.00 (Standard charge),"10440 Black Mt Rd
San Diego, CA, US 92126"